Symbol,TotalTrades,StartingEquity,FinalEquity,TotalProfit,PctGain,MaxEquity,MinEquity,MaxDrawdownPct
A,251,100000.0,132865.0773487357,32865.07734873571,32.8650773487357,134071.12025847292,100434.59174714661,-25.08857123478878
AA,363,100000.0,137391.21886457124,37391.218864571245,37.39121886457124,138832.44879492756,89099.05240954003,-35.82260258107945
AAL,229,100000.0,104938.67575948694,4938.675759486941,4.938675759486942,108021.98632981078,68888.26863895748,-36.22754868751528
AAPL,256,100000.0,128473.44957751277,28473.449577512773,28.47344957751277,130726.16805183064,99531.38059024503,-23.862695531025913
ABBV,266,100000.0,120575.52837363671,20575.528373636713,20.57552837363671,121153.29288385036,100755.61370250715,-16.836256527421387
ABNB,210,100000.0,139452.136016602,39452.13601660199,39.45213601660198,142015.08989398074,99318.94417285488,-30.06451339290777
ABT,206,100000.0,105815.33768199092,5815.337681990917,5.8153376819909175,105815.33768199092,93888.98777300835,-11.270908518786829
ACAD,266,100000.0,173987.41463544976,73987.41463544976,73.98741463544977,173987.41463544976,99612.84251731404,-42.74709884848302
ACB,102,100000.0,77986.62537165053,-22013.37462834947,-22.013374628349467,126071.78543551115,77246.30050897508,-38.72832034373902
ACGL,217,100000.0,111613.80656154802,11613.806561548015,11.613806561548015,112040.02557019576,95630.7140509106,-14.645936963843642
ACN,175,100000.0,103457.45081068415,3457.450810684153,3.4574508106841533,113997.71964451762,99507.0133108492,-12.711400174367707
ADBE,120,100000.0,109999.22411250758,9999.224112507582,9.999224112507582,110009.04192201403,96798.35780436876,-12.008725725482087
ADI,228,100000.0,140145.62422947292,40145.624229472916,40.145624229472915,141432.4049149189,99845.92952051203,-29.40378155870569
ADM,233,100000.0,129154.64138003033,29154.641380030327,29.154641380030327,140424.81997969604,100213.0024078533,-28.635833449996195
ADP,128,100000.0,101865.73320226342,1865.7332022634218,1.8657332022634219,101865.73320226342,89687.82913369451,-11.954858307836066
ADSK,160,100000.0,108044.66231955777,8044.66231955777,8.04466231955777,116409.25052078355,100118.72512624996,-13.994184587267917
AEE,128,100000.0,98726.82338348308,-1273.1766165169247,-1.2731766165169247,105545.68902357154,98726.82338348308,-6.460581860966018
AEP,247,100000.0,124951.4581493822,24951.458149382204,24.951458149382205,131931.5746926505,100192.86478079128,-24.056947691102852
AES,195,100000.0,158276.34203283908,58276.34203283908,58.27634203283908,158490.24577615457,91287.34640533672,-42.40191504638878
AFL,200,100000.0,104942.75801111014,4942.7580111101415,4.942758011110142,106030.97391708319,97299.28165879211,-8.235039192528127
AGIO,100,100000.0,131247.9178312955,31247.91783129549,31.247917831295492,148243.95612015715,99911.76470588235,-32.60314462675281
AIG,166,100000.0,121393.8501482512,21393.850148251193,21.393850148251193,121393.8501482512,99872.11331214098,-17.728852664139886
AIZ,60,100000.0,119095.23070815718,19095.230708157178,19.095230708157178,119238.3481165895,100397.61934911992,-15.80089716527052
AJG,67,100000.0,106057.72254903047,6057.72254903047,6.05772254903047,106057.72254903047,99516.82810529238,-6.1672967196841615
AKAM,152,100000.0,136856.5248336933,36856.524833693285,36.856524833693285,136856.5248336933,99561.54006941349,-27.25115577032246
ALB,295,100000.0,207714.44047407113,107714.44047407113,107.71444047407113,211040.37828772565,91530.01484076168,-56.62914576661125
ALGN,121,100000.0,134078.63198079367,34078.63198079367,34.078631980793666,136233.12274559424,100719.64794201397,-26.068164692883965
ALL,165,100000.0,132341.41849261668,32341.418492616678,32.34141849261668,132341.41849261668,97077.31507569861,-26.646309083414764
ALLE,133,100000.0,131584.77036945612,31584.77036945612,31.584770369456123,131882.5186480989,100703.61860999424,-23.641419922604808
ALNY,174,100000.0,151349.02694575218,51349.02694575218,51.34902694575217,153023.4697053287,95040.41187200596,-37.8916109698587
AMAT,294,100000.0,157238.73159788107,57238.731597881066,57.23873159788106,157238.73159788107,100578.22921128312,-36.0346982011406
AMC,64,100000.0,116613.70032292209,16613.700322922086,16.613700322922085,116613.70032292209,98563.76794452664,-15.478397759793472
AMCR,117,100000.0,118342.45341424232,18342.45341424232,18.34245341424232,118342.45341424232,98086.9918057852,-17.115972353180407
AMD,335,100000.0,202715.2946031582,102715.2946031582,102.7152946031582,202853.3383775656,100685.57717028023,-50.36533390302071
AME,143,100000.0,117068.22274393792,17068.22274393792,17.06822274393792,117664.88924062025,99089.25481858302,-15.786896619645606
AMGN,162,100000.0,132980.96819866594,32980.96819866594,32.98096819866594,136808.06052644935,101707.74647887325,-25.656612565449016
AMLP,124,100000.0,113209.89940034939,13209.899400349386,13.209899400349387,114190.93891683892,99818.62231608198,-12.586214578044386
AMP,101,100000.0,100159.08707094379,159.0870709437877,0.1590870709437877,105881.0990125069,91543.8888231433,-13.540858871959818
AMT,129,100000.0,125980.57568328567,25980.57568328567,25.98057568328567,125980.57568328567,99110.43396958185,-21.328797370520977
AMZN,340,100000.0,110463.21282691456,10463.212826914561,10.463212826914562,110463.21282691456,85793.1663420043,-22.33326901650588
ANET,359,100000.0,97520.41222004153,-2479.5877799584705,-2.4795877799584707,136306.7256837992,92595.6509961041,-32.06817159491814
AON,104,100000.0,113915.49998412673,13915.499984126727,13.915499984126727,114168.39000168174,100414.22933751294,-12.04725814559196
AOS,209,100000.0,137477.9420442371,37477.942044237105,37.4779420442371,137652.23198822397,96688.21296999336,-29.75906632718825
APA,247,100000.0,150550.27904277045,50550.279042770446,50.55027904277044,150550.27904277045,96014.3074290659,-36.22442413289131
APD,110,100000.0,111824.4140363419,11824.4140363419,11.8244140363419,113151.9380707313,100078.14164949917,-11.554195751432637
APH,319,100000.0,91937.78699294783,-8062.213007052167,-8.062213007052167,113665.51362948705,87162.20005558555,-23.31693468635857
APO,220,100000.0,135163.3043351412,35163.304335141205,35.163304335141206,135267.63577255915,98796.95884680511,-26.96186468955245
APP,197,100000.0,112419.8366502844,12419.8366502844,12.4198366502844,122316.1500461277,84080.71282093147,-31.25951659758498
APTV,198,100000.0,131058.5441467667,31058.544146766697,31.0585441467667,131608.23914443344,96469.17903944857,-26.699741850068754
ARE,117,100000.0,130698.53383856894,30698.53383856894,30.698533838568938,131688.63284846992,100961.06724748162,-23.333498826998657
ARM,172,100000.0,160177.5072682856,60177.50726828561,60.17750726828561,160177.5072682856,74182.2193802559,-53.687492928700586
ASML,266,100000.0,113822.97270305245,13822.972703052452,13.822972703052452,115681.73630709767,93744.71619896892,-18.963252807593626
ATO,100,100000.0,110418.4177850787,10418.417785078695,10.418417785078695,110418.4177850787,95554.72236134498,-13.461246521993104
AVB,54,100000.0,106917.91019973773,6917.910199737729,6.9179101997377295,106917.91019973773,99904.21588777803,-6.559887205854594
AVGO,293,100000.0,112155.6286764667,12155.628676466702,12.155628676466703,122263.647389932,95964.97147327552,-21.509808089384777
AVY,74,100000.0,107138.73957483239,7138.739574832391,7.138739574832391,119921.6013293949,100330.53221288515,-16.336563971238128
AWK,111,100000.0,101618.2790456221,1618.2790456220973,1.6182790456220972,104010.26058345154,96236.90411441545,-7.47364387458603
AXON,98,100000.0,131740.93154553077,31740.931545530766,31.740931545530763,135308.24695822992,94301.46152154516,-30.30619815017165
AXP,260,100000.0,153942.21516401364,53942.21516401364,53.94221516401364,153942.21516401364,100232.2528526709,-34.8896904296972
AXSM,98,100000.0,139728.9032871422,39728.903287142195,39.728903287142195,139728.9032871422,100591.82541150361,-28.0092929629685
AZN,237,100000.0,123307.35562004338,23307.35562004338,23.30735562004338,126889.97648880951,100058.32578343718,-21.145603023843755
AZO,32,100000.0,100945.7909849893,945.790984989304,0.945790984989304,102219.65962011668,99730.2160608429,-2.4353862735655865
BA,244,100000.0,135525.69437178347,35525.694371783466,35.525694371783466,135824.88519659816,100264.39678879955,-26.181129000276336
BABA,223,100000.0,136727.66612907522,36727.66612907522,36.727666129075224,140015.58175646735,100401.23714787261,-28.292811494007125
BAC,300,100000.0,150794.1229770481,50794.1229770481,50.7941229770481,152304.45809597478,100112.06993163734,-34.268457284059515
BALL,132,100000.0,125700.5282226916,25700.528222691602,25.700528222691606,126645.05088086332,99890.61703976744,-21.125526544471228
BAX,114,100000.0,119174.81595638653,19174.815956386534,19.174815956386535,119174.81595638653,100360.65573770492,-15.787026871152781
BBD,85,100000.0,107047.43416276776,7047.434162767764,7.047434162767765,112301.36111617033,98609.11944363803,-12.192409367477154
BBY,170,100000.0,108641.64821628775,8641.648216287751,8.64164821628775,108641.64821628775,91516.52131276486,-15.762948357916628
BDX,154,100000.0,112840.923543183,12840.923543183002,12.840923543183003,114172.78384486427,98927.14929583395,-13.35312500547047
BEN,235,100000.0,127214.5895066415,27214.589506641496,27.214589506641495,128966.04507970493,96974.77017124907,-24.805967251833057
BG,205,100000.0,142388.12298017644,42388.12298017644,42.38812298017644,142388.12298017644,98220.30286818581,-31.01931480488703
BHC,227,100000.0,225090.82559278313,125090.82559278313,125.09082559278313,225090.82559278313,100431.49946062568,-55.38178901954958
BIDU,293,100000.0,119380.38447317746,19380.38447317746,19.380384473177457,125346.97635742814,90927.63717442956,-27.45924966299266
BIIB,199,100000.0,124583.95957789055,24583.95957789055,24.58395957789055,125631.1151699946,91829.14014188551,-26.905735081926796
BK,393,100000.0,145914.62255637193,45914.622556371934,45.91462255637194,146290.21568528784,97893.17659961325,-33.08289543423088
BKNG,62,100000.0,108980.86388071603,8980.863880716031,8.980863880716033,108980.86388071603,94296.99394591428,-13.473805778300532
BKR,273,100000.0,144466.90526407363,44466.90526407363,44.46690526407364,160575.75548415742,100213.47565043361,-37.591154188702674
BLDR,145,100000.0,86636.14512099788,-13363.854879002116,-13.363854879002115,109511.97705724489,84627.54379473701,-22.7230243953135
BLK,80,100000.0,112620.98518100071,12620.98518100071,12.62098518100071,115998.62186820277,100314.07129268548,-13.521324928616846
BMO,144,100000.0,113721.80366566485,13721.803665664847,13.721803665664847,119370.48880136263,100249.30747922437,-16.018348851663568
BMY,306,100000.0,143985.9900007488,43985.9900007488,43.98599000074881,146148.02756123687,93815.89525390221,-35.80762134159299
BNS,304,100000.0,158407.45346029432,58407.45346029432,58.40745346029431,158407.45346029432,99699.19866387727,-37.061548250400094
BOOT,122,100000.0,146904.06156231297,46904.06156231297,46.90406156231297,146904.06156231297,99701.98495872573,-32.13122639469387
BP,247,100000.0,112954.38023521587,12954.380235215867,12.954380235215869,113023.25075863184,94113.30134071,-16.731025953505103
BR,79,100000.0,103815.89864124291,3815.8986412429076,3.8158986412429075,105792.84067028822,92816.63047772847,-12.265678953645967
BRO,73,100000.0,105062.91501717479,5062.91501717479,5.06291501717479,105256.91925329185,96168.97662051243,-8.634057216618755
BSX,227,100000.0,110827.83814493252,10827.838144932524,10.827838144932525,111377.73089387728,95554.21487830236,-14.207073432526517
BX,230,100000.0,121878.21621883994,21878.216218839938,21.87821621883994,128689.61812115504,99742.58310878326,-22.49368320070664
BXP,122,100000.0,130746.85145069477,30746.85145069477,30.746851450694766,130746.85145069477,100426.92471894123,-23.189794932222384
BYD,187,100000.0,113379.10313538449,13379.103135384488,13.379103135384488,118771.33587929554,100140.46822742476,-15.686333334504955
BYND,106,100000.0,222904.0929892134,122904.09298921339,122.90409298921338,235900.74756733593,96467.99739513922,-59.10653171304461
BZH,74,100000.0,102851.12501412742,2851.1250141274213,2.851125014127421,102851.12501412742,86145.0605878187,-16.242957404708996
BZUN,51,100000.0,101480.21115741861,1480.2111574186129,1.480211157418613,110469.7246842251,92225.71144954022,-16.5149440598634
C,398,100000.0,127726.18820783295,27726.18820783295,27.72618820783295,127726.18820783295,99028.33881027673,-22.46825791971477
CAG,91,100000.0,107904.68536253432,7904.685362534321,7.9046853625343205,110454.24886463939,99494.49381800018,-9.922438619876258
CAH,150,100000.0,130542.17384210747,30542.17384210747,30.542173842107466,132344.90826156645,97495.93799260745,-26.33193125955666
CAR,138,100000.0,113669.6947425459,13669.694742545893,13.669694742545893,123210.74078111195,96289.33639066537,-21.849884368663417
CARR,192,100000.0,94617.14750289454,-5382.852497105458,-5.382852497105457,115629.04698722925,86318.75519957597,-25.348554322073134
CAT,386,100000.0,99161.6793962514,-838.3206037485943,-0.8383206037485942,120521.51292210235,97499.32568247824,-19.102139262476918
CB,230,100000.0,132297.9188869358,32297.918886935804,32.297918886935804,132297.9188869358,100162.24441607053,-24.290385473356537
CBRE,186,100000.0,133194.33207189696,33194.33207189696,33.194332071896966,133194.33207189696,100262.36342725705,-24.72475227163838
CCEP,197,100000.0,110423.44406262462,10423.444062624621,10.423444062624622,110423.44406262462,99106.02181656405,-10.249111809664349
CCI,151,100000.0,104662.20596607597,4662.20596607597,4.66220596607597,116234.52117380452,97018.16278756574,-16.532402071416215
CCL,206,100000.0,125528.99057102407,25528.99057102407,25.528990571024067,138502.79121571995,100250.88856366299,-27.618145682334383
CDNS,144,100000.0,124050.2382088136,24050.238208813593,24.050238208813592,124769.10102092352,99055.55226993369,-20.608907606601836
CDW,134,100000.0,123127.82579099303,23127.825790993025,23.127825790993025,123630.67695676553,93531.93260826652,-24.345692419871437
CEG,228,100000.0,99529.86879855025,-470.13120144975255,-0.47013120144975257,126521.84332276373,90726.71316677013,-28.29166032989132
CF,100,100000.0,110283.87178901931,10283.871789019307,10.283871789019306,114408.0199601381,100365.57184392927,-12.274006770767894
CFG,208,100000.0,123222.4440977466,23222.4440977466,23.2224440977466,123516.45365305716,99714.58811897096,-19.270198285438777
CGC,72,100000.0,120835.26744987976,20835.267449879757,20.83526744987976,149929.78212392234,92249.49715631275,-38.471532573784955
CGNX,220,100000.0,109304.070548421,9304.070548421005,9.304070548421004,109510.33403054813,90057.89158755755,-17.763111230730317
CHD,72,100000.0,114799.31768851003,14799.317688510026,14.799317688510024,118665.49483473205,101275.19539284246,-14.654891437573681
CHRW,173,100000.0,117590.07982023407,17590.079820234067,17.590079820234067,117590.07982023407,93258.99582040752,-20.6914427110031
CHTR,127,100000.0,112355.36041011853,12355.360410118534,12.355360410118534,114568.76045207349,92132.39916826916,-19.58331502869836
CI,68,100000.0,110806.39249915266,10806.392499152658,10.80639249915266,112973.29494519075,99305.75067003077,-12.098031027412997
CINF,71,100000.0,104775.57328013227,4775.573280132274,4.775573280132274,104775.57328013227,97072.14453096055,-7.352313624260039
CLX,117,100000.0,109837.30388301016,9837.303883010158,9.837303883010158,113616.40224122745,100965.10160035835,-11.135100558815601
CMCSA,151,100000.0,117962.87120996797,17962.87120996797,17.962871209967968,117962.87120996797,98904.30329769474,-16.15641236669285
CME,121,100000.0,122506.72615612786,22506.726156127857,22.506726156127858,122506.72615612786,99475.84274086602,-18.799688913333856
CMG,141,100000.0,117481.9850892603,17481.9850892603,17.4819850892603,118117.37470006004,93588.38404076565,-20.76662364159531
CMI,105,100000.0,119254.61487695533,19254.614876955326,19.254614876955326,122243.123316104,100362.19829411409,-17.899514040891145
CMS,178,100000.0,124239.55923554202,24239.559235542023,24.239559235542025,124239.55923554202,99588.77847532489,-19.841329856525384
CNC,188,100000.0,148464.93548954587,48464.93548954587,48.464935489545866,150188.93192904536,99851.10738879583,-33.51633432217956
CNP,146,100000.0,114167.9106261026,14167.910626102603,14.167910626102604,114775.76855734753,99860.53676996344,-12.995105129643914
CNQ,289,100000.0,91204.51875733887,-8795.481242661132,-8.79548124266113,110258.13290707997,87293.81972696882,-20.82777258659397
COF,166,100000.0,114342.52830670169,14342.528306701686,14.342528306701684,114908.48053846286,100000.0,-12.974221283408758
COIN,156,100000.0,183468.98275183077,83468.98275183077,83.46898275183077,184051.98452017736,99782.99657708408,-45.78542750450756
COO,156,100000.0,129923.2057038186,29923.205703818603,29.9232057038186,130568.00044088553,100190.2867913319,-23.265818230330552
COP,269,100000.0,105656.10556817811,5656.1055681781145,5.6561055681781145,118669.47516925346,97456.19022712127,-17.87594064259283
COR,193,100000.0,117345.60191547149,17345.60191547149,17.34560191547149,118845.3512806258,89581.35407812415,-24.62359434943441
COST,115,100000.0,102965.8062137727,2965.8062137726956,2.9658062137726957,106695.08151269493,94293.27270743926,-11.623599353809071
CPAY,45,100000.0,114587.1205062327,14587.120506232706,14.587120506232706,114587.1205062327,100274.80930518966,-12.49033149433628
CPB,130,100000.0,112853.11523108544,12853.115231085438,12.853115231085438,112853.11523108544,97294.02676780743,-13.78702611037205
CPRT,156,100000.0,111026.45414762679,11026.454147626791,11.02645414762679,111026.45414762679,93021.12813435904,-16.217149463610625
CPT,87,100000.0,109688.66022558941,9688.66022558941,9.68866022558941,111307.22777384073,100253.85154061625,-9.930510762233025
CRL,88,100000.0,112510.97359249528,12510.973592495284,12.510973592495283,112510.97359249528,96844.384160505,-13.924499034852616
CRM,182,100000.0,103799.44570657071,3799.44570657071,3.7994457065707103,108913.34531993025,94837.44591479067,-12.923943676316219
CRON,93,100000.0,105886.9264223613,5886.926422361299,5.8869264223613,119288.5662095037,92191.43618987853,-22.715613809990067
CRWD,228,100000.0,141554.0715204972,41554.07152049721,41.55407152049721,151474.9550822804,100327.03178940843,-33.766587529330295
CSCO,329,100000.0,126552.0332045516,26552.033204551597,26.552033204551595,135392.7806533292,100061.89391074679,-26.095103868976967
CSGP,185,100000.0,138229.5163868646,38229.51638686459,38.229516386864596,138229.5163868646,99810.89055328484,-27.79335907249873
CSIQ,252,100000.0,240335.47721901978,140335.47721901978,140.33547721901977,282183.7022877741,100082.21825750817,-64.53295585602487
CSX,355,100000.0,140344.8227530596,40344.82275305959,40.34482275305959,140344.8227530596,98384.29672914669,-29.898164535604955
CTAS,117,100000.0,107584.12419398656,7584.124193986558,7.584124193986558,107929.68015402347,98030.14949788938,-9.172204200000177
CTRA,141,100000.0,102682.734609497,2682.734609496998,2.682734609496998,109558.47352224485,89923.25815423233,-17.92213302791752
CTSH,198,100000.0,138113.24111405795,38113.24111405795,38.11324111405795,138113.24111405795,97809.77703453695,-29.181462801410348
CTVA,181,100000.0,119537.66986293675,19537.669862936746,19.537669862936745,121284.24122237336,99745.64039749239,-17.758779382879737
CVS,196,100000.0,104545.52287031178,4545.5228703117755,4.545522870311776,111034.18568393639,90887.84399379822,-18.144269322139763
CVX,297,100000.0,115866.85511555334,15866.855115553335,15.866855115553335,132532.65509674198,99790.98168275955,-24.70460837752228
D,193,100000.0,123017.50895944997,23017.508959449973,23.017508959449973,123551.25168781533,99539.66840697177,-19.434512360518305
DAL,210,100000.0,130852.56647246947,30852.566472469465,30.852566472469466,132353.3014093859,100407.58100672509,-24.136700832152695
DASH,263,100000.0,124061.86993944083,24061.869939440832,24.061869939440832,132618.2323500408,90201.50903155658,-31.98408134903118
DAY,120,100000.0,111453.84772705071,11453.847727050714,11.453847727050714,111453.84772705071,99189.70807751187,-11.003783090175222
DD,137,100000.0,121287.42045171799,21287.42045171799,21.28742045171799,121537.35836270766,100236.04554290476,-17.526555708272628
DDOG,291,100000.0,194764.12967364158,94764.12967364158,94.76412967364158,209154.34833250678,97298.95586849767,-53.47983121354238
DE,93,100000.0,111639.88378717587,11639.883787175873,11.639883787175874,111652.37311920476,98412.47621232542,-11.858141960622609
DECK,173,100000.0,103037.98630652708,3037.9863065270765,3.0379863065270762,105457.51410580534,89743.18331450356,-14.901101097012031
DELL,219,100000.0,118075.21396428566,18075.213964285664,18.075213964285663,126724.71200552929,100673.8490094016,-20.55705046304704
DG,116,100000.0,116632.65441425092,16632.654414250923,16.632654414250922,116824.32390882788,99495.07538923212,-14.833596240727967
DGX,148,100000.0,103933.4536834034,3933.4536834033934,3.9334536834033935,104128.65283929894,86911.77211298206,-16.534239382591057
DHI,236,100000.0,135510.70169468736,35510.70169468736,35.51070169468736,136216.5072243471,99886.85040006465,-26.670524420691464
DHR,228,100000.0,137583.17146982957,37583.17146982957,37.583171469829566,142372.3562974705,99216.1037580337,-30.312241548680163
DIA,360,100000.0,116284.48866259583,16284.488662595832,16.28448866259583,118845.09405550412,99908.02895689372,-15.93424217390601
DIS,186,100000.0,120767.16479068216,20767.16479068216,20.76716479068216,124876.32659468554,99999.99235569852,-19.920776753570603
DLR,91,100000.0,102425.35175753712,2425.3517575371225,2.4253517575371224,102425.35175753712,95958.37301570008,-6.313845772427292
DLTR,205,100000.0,138160.6532145969,38160.65321459691,38.16065321459691,138894.8146903199,100447.87155592897,-27.680618041870247
DOC,204,100000.0,106571.06510735089,6571.0651073508925,6.571065107350893,107585.23869870845,98979.0830736318,-7.999383306829026
DOV,101,100000.0,129102.01390516893,29102.013905168933,29.10201390516893,129102.01390516893,96586.90392567447,-25.185594706042487
DOW,249,100000.0,110438.38567838553,10438.38567838553,10.43838567838553,118990.76134931271,97416.99402732064,-18.130623821003628
DPZ,85,100000.0,95471.28087249972,-4528.719127500284,-4.528719127500285,99025.4336029828,82537.81433395106,-16.649883438162604
DRI,91,100000.0,114587.65994960691,14587.65994960691,14.587659949606909,114587.65994960691,97027.14332227416,-15.324963119986453
DTE,95,100000.0,105793.25331505113,5793.25331505113,5.79325331505113,107528.44987492854,99567.16518683705,-7.403886782848295
DUK,133,100000.0,114504.25932557926,14504.25932557926,14.50425932557926,115427.3943977153,99972.30276145911,-13.389448593983069
DUST,122,100000.0,154626.25542048394,54626.25542048394,54.626255420483936,156043.63074057896,95215.21828658725,-38.981669527491555
DVA,56,100000.0,103721.73441492736,3721.734414927356,3.7217344149273557,103915.49730374345,94643.42066090884,-8.922708242190737
DVN,266,100000.0,130689.07730500666,30689.077305006664,30.689077305006663,133475.13812091516,98243.51658212102,-26.395643439512906
DXCM,179,100000.0,109090.95864382855,9090.958643828548,9.090958643828548,114492.22853503807,98879.9502316672,-13.636103081523162
EA,255,100000.0,117195.45448877389,17195.45448877389,17.19545448877389,135076.44920743557,100109.28079049828,-25.886946704705387
EBAY,330,100000.0,158508.3929655579,58508.3929655579,58.508392965557896,158622.71845695836,99850.70883990279,-37.051445208337626
ECL,125,100000.0,111912.05444802769,11912.054448027688,11.912054448027689,111912.05444802769,97464.48156516277,-12.909755748943393
ED,72,100000.0,104061.55169864549,4061.5516986454895,4.06155169864549,105304.0652667154,99106.72771226641,-5.885183576486155
EDIT,172,100000.0,140187.02821145716,40187.02821145716,40.18702821145716,141179.09170352065,99315.4887112607,-29.65283491140068
EEM,308,100000.0,111375.34296545375,11375.342965453747,11.375342965453747,112890.80665942507,99978.52464297219,-11.437850785677647
EFA,291,100000.0,109816.95745558388,9816.957455583877,9.816957455583877,111282.86023589448,99755.22958354371,-10.35885546787241
EFX,82,100000.0,115322.72695908118,15322.726959081177,15.322726959081178,115836.55592971649,102256.0295418702,-11.723869273259673
EG,29,100000.0,107088.89651728986,7088.896517289861,7.088896517289861,107104.22688675174,98438.86347020546,-8.090589576552135
EIX,166,100000.0,134288.8342953536,34288.83429535359,34.288834295353595,134288.8342953536,99785.07749640815,-25.693690007806758
EL,166,100000.0,110734.84123268751,10734.841232687511,10.734841232687511,110734.84123268751,86914.7255915177,-21.510949377817344
ELV,139,100000.0,117099.49979019366,17099.49979019366,17.099499790193658,117099.49979019366,96917.75130733941,-17.234700847581543
EMB,344,100000.0,107283.92134904135,7283.921349041353,7.283921349041353,107744.33498041365,100022.01309779318,-7.1672648812805555
EME,41,100000.0,111859.02710260072,11859.027102600725,11.859027102600725,115531.10674777818,100110.0734158868,-13.347949107384402
EMR,187,100000.0,139292.52074615625,39292.52074615625,39.29252074615625,139292.52074615625,100266.61334884398,-28.01723106758349
ENB,263,100000.0,113681.4980048193,13681.498004819296,13.681498004819295,120994.59393409727,99872.56747083645,-17.45700016544992
EOG,217,100000.0,126695.93306635949,26695.93306635949,26.69593306635949,126695.93306635949,98516.84723476676,-22.241507797123514
EPAM,78,100000.0,132883.73379060885,32883.73379060885,32.88373379060885,132883.73379060885,100209.84890878567,-24.5883254103237
EQIX,42,100000.0,104885.7485302525,4885.748530252502,4.885748530252502,107108.91261501017,100645.51690968004,-6.034414454903496
EQR,105,100000.0,106590.45610190782,6590.456101907825,6.590456101907824,106590.45610190782,94314.34806988125,-11.51707993470801
EQT,216,100000.0,116980.18144793023,16980.181447930227,16.980181447930224,122745.56647279579,92840.04077119657,-24.363833709812415
ERIE,11,100000.0,99311.9291007737,-688.0708992262953,-0.6880708992262954,101292.31046612837,98556.44666604613,-2.7009590239301513
ESS,50,100000.0,106201.92965455595,6201.929654555948,6.201929654555948,106201.92965455595,100124.53300124533,-5.722491741043332
ETN,144,100000.0,127022.17907301945,27022.179073019448,27.022179073019448,133979.62424977822,99805.94982079054,-25.50662059275349
ETR,155,100000.0,116507.30041895702,16507.30041895702,16.50730041895702,116507.30041895702,99092.30987732747,-14.947553053762064
EVRG,224,100000.0,117912.01877324731,17912.018773247313,17.91201877324731,122359.97386959936,100093.82894261999,-18.197245572076284
EW,193,100000.0,134885.43330942676,34885.433309426764,34.885433309426766,134922.24357908836,96631.03594451035,-28.38020375204669
EWG,179,100000.0,106504.65986546324,6504.65986546324,6.50465986546324,106504.65986546324,99427.56454306225,-6.644869183508757
EWZ,273,100000.0,122399.59462782505,22399.59462782505,22.39959462782505,123831.52816810706,100444.32428201963,-18.886308060688883
EXAS,210,100000.0,160611.08964173467,60611.08964173467,60.61108964173466,160611.08964173467,90869.49522423145,-43.422651930867
EXC,178,100000.0,111863.22153640336,11863.221536403362,11.863221536403362,114024.08506090527,99740.29452364614,-12.526994213222176
EXE,167,100000.0,159932.87085678484,59932.87085678484,59.93287085678484,160458.34321254323,97298.5374674986,-39.362120087070274
EXPD,138,100000.0,103145.09456364079,3145.094563640785,3.145094563640785,104796.5712095924,92003.53239325229,-12.207497505575942
EXPE,226,100000.0,162950.57483247,62950.57483247001,62.95057483247001,162950.57483247,99106.74342513035,-39.17987492402386
EXR,125,100000.0,107661.96535138522,7661.9653513852245,7.661965351385225,107661.96535138522,99918.31100322412,-7.192562687191803
F,210,100000.0,102754.58293905451,2754.5829390545114,2.7545829390545116,109045.7424922235,95201.8294823419,-12.695509878222765
FANG,187,100000.0,111532.66579747436,11532.665797474358,11.532665797474358,111532.66579747436,98669.86926621791,-11.532761670570348
FAST,188,100000.0,131556.245573256,31556.24557325599,31.556245573255993,132376.1920572362,100800.86062634473,-23.852726793379194
FCEL,168,100000.0,197664.573296639,97664.57329663899,97.66457329663899,197664.573296639,95681.57085085397,-51.59397090986921
FCX,262,100000.0,151064.5433564494,51064.5433564494,51.0645433564494,153569.3673382618,99725.89651321502,-35.061335315947275
FDS,38,100000.0,105668.46803842216,5668.468038422157,5.668468038422157,108797.63674173824,100007.96051584142,-8.078922014419843
FDX,245,100000.0,108159.4033587127,8159.403358712705,8.159403358712705,111678.63105044104,92314.67779428833,-17.33899589743962
FE,238,100000.0,126190.30805561645,26190.30805561645,26.190308055616452,128034.30435349426,99989.41397599243,-21.904200221271743
FFIV,50,100000.0,102816.82044451017,2816.820444510173,2.816820444510173,107861.57228968474,97886.38447485455,-9.248138705080011
FICO,73,100000.0,97559.42727760051,-2440.572722399491,-2.440572722399491,114978.06485384477,91982.11524256514,-20.00029278672511
FIS,132,100000.0,119627.3374592822,19627.337459282193,19.62733745928219,119664.3323800615,98259.25515818867,-17.8876000861217
FITB,162,100000.0,125030.57535732642,25030.575357326423,25.030575357326423,125030.57535732642,99154.53238131016,-20.69577213578743
FTNT,225,100000.0,113652.02993693239,13652.029936932391,13.652029936932392,120748.08661353106,90781.54948446553,-24.817401227215367
FXI,216,100000.0,111237.65183045596,11237.651830455958,11.237651830455958,114422.0777248545,99766.72821179933,-12.8081483962354
GDX,419,100000.0,154268.84821317054,54268.84821317054,54.26884821317054,167896.16067499586,99264.81685862747,-40.87725624007636
GE,359,100000.0,131735.56902894154,31735.569028941536,31.735569028941534,138904.22189051803,100276.62480632798,-27.80879987552551
GEHC,260,100000.0,142041.08650081872,42041.086500818725,42.04108650081872,146904.24883955278,99986.0159418263,-31.937968621295663
GFS,202,100000.0,90510.09235123012,-9489.907648769877,-9.489907648769877,106849.11431108469,84325.66640872216,-21.079676745646093
GILD,223,100000.0,128948.89232944851,28948.892329448514,28.948892329448512,135457.55901183054,100130.74065460978,-26.07962125918377
GLD,466,100000.0,158632.58855225224,58632.588552252244,58.632588552252244,165606.28593843634,96525.82538229048,-41.713670567931416
GM,280,100000.0,135553.7284211566,35553.728421156586,35.553728421156585,136538.45313011532,97785.4983040326,-28.382447535972013
GME,161,100000.0,137603.56564678968,37603.56564678968,37.603565646789676,137603.56564678968,100229.13633485837,-27.160945384123675
GOOG,346,100000.0,159159.67342108762,59159.67342108762,59.159673421087625,159159.67342108762,99802.6542848139,-37.29400661638282
GOOGL,353,100000.0,162989.81721061788,62989.81721061788,62.98981721061788,162989.81721061788,100310.88082901556,-38.45573757568405
GS,283,100000.0,146549.23826333066,46549.238263330655,46.54923826333066,147274.24922137114,100780.65372490458,-31.569399092017115
HAL,275,100000.0,137727.15650751535,37727.15650751535,37.727156507515346,137727.15650751535,99675.3622158469,-27.628388806235236
HBAN,262,100000.0,133893.73281798913,33893.732817989134,33.89373281798914,134094.83874054876,100735.90806238634,-24.877117562075902
HD,197,100000.0,124022.55637451842,24022.55637451842,24.02255637451842,130273.34145111837,98711.77879258984,-24.227184400863138
HON,154,100000.0,104113.21518197072,4113.2151819707215,4.1132151819707214,109145.41038169804,99218.41953753922,-9.095197690349625
HPQ,222,100000.0,117605.25835715362,17605.258357153623,17.605258357153623,120225.74321055833,92249.50464765195,-23.26975722155443
HRB,128,100000.0,105109.17424098143,5109.174240981432,5.1091742409814325,113025.77235273785,99902.82219923052,-11.610582153380397
HSBC,352,100000.0,120501.52180179064,20501.521801790645,20.501521801790645,122691.52454792992,99628.85867090244,-18.797277124075478
HST,259,100000.0,133334.1387164994,33334.13871649941,33.3341387164994,133334.1387164994,99853.97347694047,-25.109972256052032
IAU,460,100000.0,156488.58677815826,56488.586778158264,56.488586778158265,164015.24094629785,97203.17739287925,-40.735277507103326
IBB,349,100000.0,125962.07579981245,25962.075799812446,25.962075799812446,129828.78646894787,100319.78577266612,-22.72916623413071
IBM,324,100000.0,144556.28969934848,44556.289699348476,44.556289699348476,144556.28969934848,99706.76391926224,-31.025648121825288
IDXX,122,100000.0,91321.37026876256,-8678.629731237437,-8.678629731237438,109333.24221883381,91321.37026876256,-16.474286854148108
INO,125,100000.0,144687.04256574827,44687.04256574827,44.68704256574827,152931.82008921276,96450.59292096974,-36.93229253094268
INTC,282,100000.0,111393.36830899453,11393.368308994526,11.393368308994527,123574.53322598778,52597.18819295772,-57.436870834243614
INTU,123,100000.0,124044.83586813505,24044.83586813505,24.04483586813505,127614.81392305129,100568.14838545174,-21.193985796906027
ISRG,114,100000.0,132536.80598765827,32536.80598765827,32.53680598765827,133160.87847867399,99910.30316729812,-24.970228261674485
IWM,221,100000.0,117687.45571717038,17687.45571717038,17.687455717170376,117687.45571717038,100379.2754689224,-14.706903248756998
JBLU,108,100000.0,109056.72889285575,9056.728892855754,9.056728892855753,124624.55519945006,96920.74109487094,-22.2298198458897
JD,184,100000.0,127597.57982779469,27597.57982779469,27.59757982779469,127597.57982779469,99693.50627513786,-21.868810983967006
JNJ,317,100000.0,135766.9907029985,35766.990702998504,35.766990702998505,138757.97250735806,100265.68170036288,-27.74059761139419
JPM,326,100000.0,177043.57439654123,77043.57439654123,77.04357439654123,177043.57439654123,100203.3362202056,-43.40187913526265
K,111,100000.0,102717.46440772418,2717.464407724183,2.717464407724183,102717.46440772418,100100.20040080161,-2.5480224049667646
KDP,258,100000.0,130618.32363731976,30618.323637319758,30.618323637319754,130618.32363731976,96755.10327379062,-25.925321517335618
KEY,226,100000.0,139971.48925477083,39971.48925477083,39.97148925477083,139971.48925477083,100664.55696202531,-28.0820990774775
KHC,146,100000.0,97720.25750905783,-2279.742490942168,-2.279742490942168,101762.5438148625,89669.09428891646,-11.88398901264473
KLAC,158,100000.0,110248.28106141512,10248.281061415124,10.248281061415124,111390.08721257506,90270.23697050608,-18.960260082896056
KO,201,100000.0,123810.62860423214,23810.628604232144,23.810628604232146,124141.73035958677,99479.6440354577,-19.8660726354412
KSS,311,100000.0,42658.94906530069,-57341.05093469931,-57.34105093469931,112326.10186862193,-18908.831907995496,-116.83387173010911
L,178,100000.0,123215.83613139481,23215.83613139481,23.215836131394813,123469.8086585117,98316.21060165888,-20.372266167854626
LIN,97,100000.0,116120.75469590217,16120.754695902171,16.12075469590217,116534.47530238828,100128.89048534664,-14.077881051484361
LLY,297,100000.0,117237.86684459697,17237.866844596967,17.237866844596965,128812.27179510407,90762.13693627407,-29.53921573509289
LRCX,371,100000.0,98103.38056816097,-1896.6194318390335,-1.8966194318390333,130794.86415387949,86647.53745731099,-33.75310413154251
LULU,185,100000.0,109757.74803703123,9757.748037031226,9.757748037031226,112359.97529819442,96072.13432023487,-14.496123672805124
LUV,285,100000.0,162992.12859207255,62992.12859207255,62.99212859207255,162992.12859207255,99810.4127169316,-38.763660810436164
LVS,271,100000.0,157445.26067271768,57445.260672717675,57.44526067271768,159316.07925701077,91996.82265997873,-42.25515523039689
M,267,100000.0,153826.6706322708,53826.670632270805,53.826670632270805,153836.09194667786,93095.86088154577,-39.48373252109502
MA,220,100000.0,141137.8364362077,41137.8364362077,41.1378364362077,141198.58661411895,100043.5350457118,-29.146928843473212
MAR,186,100000.0,133912.08213850213,33912.082138502126,33.91208213850213,136665.98979363526,100122.32300801686,-26.739400812739948
MCD,245,100000.0,111570.6150173527,11570.615017352698,11.570615017352697,111771.30174223942,97734.06007701812,-12.558896108764289
MCHP,232,100000.0,171039.92576414678,71039.92576414678,71.03992576414679,171039.92576414678,99506.55747590054,-41.82261420464262
MDLZ,130,100000.0,97920.16080680036,-2079.839193199645,-2.079839193199645,106054.75798471484,97920.16080680036,-7.67018597985664
MELI,53,100000.0,84536.87667912384,-15463.123320876155,-15.463123320876154,108510.43626686854,84536.87667912384,-22.09332153893895
META,251,100000.0,131930.31823693452,31930.318236934516,31.930318236934518,132926.24131105546,99970.33882419979,-24.79262345930392
MGC,33,100000.0,108727.47226535436,8727.472265354358,8.727472265354358,108727.47226535436,100281.36795150407,-7.768141885279172
MMM,170,100000.0,123254.68336939147,23254.683369391467,23.254683369391465,123254.68336939147,100102.43546826429,-18.784071540503188
MNST,251,100000.0,118288.375945666,18288.375945666005,18.288375945666004,120748.11777989741,99541.90949784273,-17.562351009652893
MO,249,100000.0,121996.3218346637,21996.3218346637,21.9963218346637,130216.31956210337,97527.40729612502,-25.103544913499263
MRK,306,100000.0,141587.89662261933,41587.89662261933,41.58789662261933,141587.89662261933,98074.67485553378,-30.732303258281547
MRNA,276,100000.0,133197.38097138033,33197.380971380335,33.19738097138033,138251.8522298681,98948.67075704267,-28.428683477944983
MRVL,338,100000.0,249580.20316565078,149580.20316565078,149.58020316565077,249580.20316565078,95033.85453324649,-61.92251896270361
MS,362,100000.0,163453.1015334609,63453.1015334609,63.453101533460895,163453.1015334609,100062.21807435059,-38.78230689072205
MSFT,253,100000.0,131339.1386124756,31339.138612475595,31.339138612475598,132306.72530606503,100002.14018191546,-24.416434651692423
MSTR,159,100000.0,146723.99421622336,46723.994216223364,46.72399421622336,153621.14112166446,100832.08046036602,-34.36314837649246
MU,343,100000.0,218277.41353839685,118277.41353839685,118.27741353839684,235263.0316873093,98382.86515811348,-58.18175747693534
NCLH,269,100000.0,116665.94172190677,16665.94172190677,16.66594172190677,124530.13706082942,100495.7312035252,-19.300071793516217
NEE,272,100000.0,129874.22083538189,29874.220835381886,29.874220835381887,129912.91593325725,100879.82832618026,-22.348114810995956
NFLX,146,100000.0,88989.05550777342,-11010.944492226583,-11.010944492226583,111163.99137598567,88989.05550777342,-19.947948606137057
NIO,175,100000.0,175749.54188939382,75749.54188939382,75.74954188939383,175749.54188939382,97890.88982359832,-44.30091323640266
NKE,265,100000.0,104103.23043514922,4103.23043514922,4.103230435149221,110148.98414398401,95017.05968856011,-13.737688616032829
NOK,175,100000.0,119696.90384841216,19696.903848412156,19.696903848412155,122544.27711644789,99898.14814814815,-18.47995638897133
NOW,92,100000.0,113605.07692024473,13605.076920244726,13.605076920244727,114200.3563773128,100698.9496067178,-11.822560978695167
NVDA,284,100000.0,188569.7120113058,88569.71201130579,88.5697120113058,188569.7120113058,100667.63734507619,-46.61516090185225
NXPI,139,100000.0,125656.95125078174,25656.95125078174,25.65695125078174,125656.95125078174,99369.72624032483,-20.919833521978255
ODFL,208,100000.0,105682.99413235631,5682.994132356311,5.682994132356311,111260.55760854541,90736.69089424881,-18.446668932315557
ON,217,100000.0,126254.96776964162,26254.96776964162,26.254967769641617,128227.93708228794,99447.64430505315,-22.44463525820084
ORCL,244,100000.0,72679.97892416964,-27320.02107583036,-27.320021075830358,127697.37541239716,68808.13497213868,-46.11624964888775
ORLY,237,100000.0,134997.32280555845,34997.32280555845,34.99732280555845,135082.12775417665,94557.29539347252,-30.00014364183801
OXY,218,100000.0,100681.28387330916,681.283873309163,0.6812838733091631,108887.80219536653,95206.83741838123,-12.564276715254948
PANW,269,100000.0,134294.0842272522,34294.0842272522,34.2940842272522,135752.6750098815,100594.43668233203,-25.898744407791803
PAYX,118,100000.0,109892.68163774267,9892.681637742673,9.892681637742673,110695.12750105439,98853.59009759058,-10.697433275327331
PCAR,226,100000.0,127463.43313897631,27463.43313897631,27.463433138976313,127463.43313897631,93574.35289969904,-26.587295983411362
PDD,223,100000.0,117114.00679765895,17114.00679765895,17.11400679765895,119686.9799960937,96866.40110552269,-19.066885045738324
PEP,287,100000.0,129617.261895974,29617.261895974007,29.617261895974007,131686.76312355069,99613.91942696189,-24.355404397401376
PFE,246,100000.0,110329.9913533761,10329.9913533761,10.329991353376098,119183.31875414005,99367.32487157515,-16.626482707234192
PG,129,100000.0,112325.90784006444,12325.907840064436,12.325907840064437,113038.8635234471,100291.4909451749,-11.276982252770154
PLTR,250,100000.0,111245.17320239788,11245.173202397884,11.245173202397885,120631.67897237417,85166.08527540902,-29.399900589203536
PLUG,135,100000.0,230163.1479280395,130163.14792803951,130.1631479280395,235464.96591162597,94087.9111233524,-60.041651734014145
PM,167,100000.0,111532.055843395,11532.055843395006,11.532055843395007,111532.055843395,96320.53015830096,-13.63870285548483
PTON,223,100000.0,121221.96311407335,21221.963114073355,21.221963114073354,124957.58893450603,99576.62410743975,-20.311663375938846
PYPL,232,100000.0,137249.12439677096,37249.12439677096,37.24912439677096,139117.02678919173,99410.03552735301,-28.54215057514702
QCOM,222,100000.0,140625.29932890247,40625.299328902474,40.62529932890248,144577.00417160432,100249.09115389794,-30.660417451375448
QQQ,323,100000.0,133627.7595024143,33627.759502414294,33.62775950241429,133627.7595024143,100221.020679188,-24.999849542955722
REGN,183,100000.0,135096.91763070808,35096.91763070808,35.09691763070808,137702.39259871276,98295.0518851533,-28.61776035250083
RIG,145,100000.0,145259.1570685997,45259.157068599714,45.25915706859971,145259.1570685997,95600.01800466195,-34.18658077472243
ROKU,307,100000.0,166501.04171345715,66501.04171345715,66.50104171345714,173983.4541959314,97659.49834566157,-43.868513935996255
ROP,65,100000.0,124798.98179438437,24798.981794384366,24.798981794384368,125446.25896121847,99527.20088883994,-20.661483480660323
ROST,208,100000.0,128486.2120677272,28486.212067727203,28.4862120677272,129010.38799137952,100273.03276393167,-22.27522579760638
RRC,159,100000.0,124939.99296947179,24939.992969471787,24.939992969471785,129654.47732671928,100858.64411123926,-22.20967128109023
RY,272,100000.0,111879.94170354797,11879.941703547971,11.87994170354797,111879.94170354797,96664.0875753772,-13.600162724868708
SBUX,250,100000.0,126740.62542161782,26740.62542161782,26.74062542161782,126741.15196665922,99503.27186939376,-21.490951971488084
SHOP,254,100000.0,82831.14714169827,-17168.852858301732,-17.168852858301733,104995.60639459909,64953.196153230456,-38.13722461002748
SHW,141,100000.0,112188.80043877057,12188.800438770573,12.188800438770574,114092.38566691955,97456.0269943153,-14.581480241084902
SIRI,202,100000.0,125982.55521560294,25982.555215602944,25.982555215602943,135594.98827755015,100473.38988964047,-25.901841088712718
SLV,462,100000.0,190350.65474323445,90350.65474323445,90.35065474323444,198187.93335705285,95835.32919617045,-51.6442158849728
SM,175,100000.0,120581.67407222603,20581.67407222603,20.58167407222603,128381.88860871267,100311.29245545251,-21.864919154457077
SMG,94,100000.0,109258.86921634639,9258.869216346386,9.258869216346385,109426.52938012288,91931.51988922729,-15.987904934937585
SMH,395,100000.0,143186.35306457512,43186.353064575116,43.186353064575115,148987.1294019225,100476.20969369225,-32.560476802907154
SNAP,235,100000.0,142596.98642509352,42596.98642509352,42.59698642509352,145173.85293786606,93787.71902921794,-35.39627341201808
SNPS,179,100000.0,145538.36292435054,45538.36292435054,45.53836292435054,145538.36292435054,99685.82655502106,-31.505463884572617
SPCE,193,100000.0,222218.55248800077,122218.55248800077,122.21855248800078,237743.4947048279,102425.5102653178,-56.91763915875598
SPOT,157,100000.0,153956.72627959066,53956.72627959066,53.95672627959066,154303.17049032185,99924.33346686252,-35.24155521280755
SPXL,309,100000.0,192018.57433124122,92018.57433124122,92.01857433124123,192018.57433124122,100490.35441902197,-47.666336567174326
SPXS,114,100000.0,78350.44907974743,-21649.55092025257,-21.649550920252572,100418.45493562231,68668.86698424752,-31.617283866525597
SPY,338,100000.0,126812.90960606714,26812.909606067144,26.81290960606714,128163.64073871066,99678.54187706234,-22.225569356071404
SQQQ,104,100000.0,79516.47977040772,-20483.52022959228,-20.48352022959228,101320.3767888866,70945.55435903589,-29.978986845992857
STX,486,100000.0,193821.93065972504,93821.93065972504,93.82193065972504,202877.12021301445,100967.07063288041,-50.23240150152554
SU,244,100000.0,123797.75169282136,23797.75169282136,23.797751692821357,125219.3468396713,96200.44384709424,-23.174456443805255
T,204,100000.0,123551.86486577222,23551.864865772222,23.551864865772224,126147.91027129555,100080.24074955839,-20.664368887027653
TD,384,100000.0,140135.35516798613,40135.35516798613,40.13535516798613,140201.2819892146,100244.29404209073,-28.499730801461343
TDOC,217,100000.0,175866.19151203282,75866.19151203282,75.86619151203283,177436.60406336992,100343.40659340659,-43.448305312713366
TEAM,165,100000.0,115230.39840887587,15230.398408875873,15.230398408875873,121194.60190623588,99624.11201458481,-17.798226614366392
TEVA,269,100000.0,138491.87996362767,38491.87996362767,38.49187996362767,138866.54934012148,99305.92998437794,-28.488228118097002
TGT,219,100000.0,124123.68055703978,24123.680557039785,24.123680557039783,124123.68055703978,100139.41960136322,-19.32287283783439
TLRY,156,100000.0,209279.25164053924,109279.25164053924,109.27925164053924,228421.5239988345,101857.01021355618,-55.40831335400954
TLT,260,100000.0,103547.60208643747,3547.602086437473,3.5476020864374727,105159.59188519465,96470.47805411422,-8.262787707056287
TME,252,100000.0,172824.85383362384,72824.85383362384,72.82485383362383,172976.9444104269,100023.61496030012,-42.17517525169626
TMO,243,100000.0,140047.7651582946,40047.76515829461,40.04776515829461,140047.7651582946,98872.05715504893,-29.40118891344334
TMUS,189,100000.0,103077.91791872775,3077.9179187277477,3.077917918727748,103077.91791872775,86535.86139664415,-16.04810890255492
TQQQ,305,100000.0,163089.90076660583,63089.90076660583,63.08990076660584,163405.59169667307,100669.49036753656,-38.39287302088929
TRI,103,100000.0,107671.83168333842,7671.831683338416,7.671831683338416,107671.83168333842,98832.23374979211,-8.209759038504572
TRV,178,100000.0,114445.35740035817,14445.357400358174,14.445357400358175,114445.35740035817,95394.5093960725,-16.646239250790305
TSLA,239,100000.0,190673.27977563365,90673.27977563365,90.67327977563366,191769.1045267752,97341.3809645945,-49.240321476808326
TTD,258,100000.0,159651.1787928549,59651.17879285489,59.651178792854886,159651.1787928549,104111.71975383782,-34.788004359854256
TTWO,197,100000.0,121541.78846411497,21541.788464114972,21.541788464114973,123776.47420786574,100050.25125628141,-19.168604618466812
TWLO,252,100000.0,198890.8206389898,98890.8206389898,98.8908206389898,200848.45524536882,97616.78537252638,-51.39779130824197
TXN,223,100000.0,149475.66823600215,49475.66823600215,49.47566823600215,149475.66823600215,99113.92073290587,-33.69227118863372
UAL,215,100000.0,151872.31459551994,51872.31459551994,51.87231459551994,151872.31459551994,100160.1576937292,-34.049758864553574
UBER,234,100000.0,116867.26583038946,16867.265830389457,16.867265830389456,124940.8729643405,95267.81762100056,-23.74967825925864
UNH,215,100000.0,132680.5185455169,32680.518545516912,32.68051854551691,132680.5185455169,99983.29286061194,-24.643576949609205
UNP,190,100000.0,117131.84682971908,17131.846829719085,17.131846829719084,120912.6276006075,99908.67376486835,-17.371183020782873
UPS,235,100000.0,108111.75737405536,8111.7573740553635,8.111757374055363,108998.09902984001,89585.42085275514,-17.810107102666382
URI,116,100000.0,121426.70720526678,21426.70720526678,21.42670720526678,125305.515642471,99784.44328604235,-20.367078197297282
USO,291,100000.0,111266.17822978373,11266.178229783734,11.266178229783733,127030.94754580472,99397.24722461922,-21.75351822139354
V,189,100000.0,124640.33628622396,24640.33628622396,24.64033628622396,125059.272681932,100024.70399832816,-20.01816270535589
VIPS,248,100000.0,171737.23906848195,71737.23906848195,71.73723906848195,173092.15929500246,100000.0,-42.22730803792844
VRSK,64,100000.0,111311.22081726295,11311.220817262947,11.311220817262948,112656.1388994315,99718.06491816745,-11.484570754563062
VRTX,156,100000.0,117964.41243599213,17964.412435992126,17.964412435992124,119338.60172838732,94947.6748069889,-20.43842190887385
VTRS,338,100000.0,148975.5277642791,48975.527764279104,48.9755277642791,155868.2606043479,98436.32350687652,-36.84646051402034
VZ,225,100000.0,121247.68861204771,21247.688612047714,21.247688612047714,122033.44584018103,100171.50697461698,-17.91471077051709
W,277,100000.0,219433.50878716656,119433.50878716656,119.43350878716656,229977.41926001757,100520.70054606767,-56.29105637000964
WBD,296,100000.0,190220.65745903074,90220.65745903074,90.22065745903075,190220.65745903074,81956.74608740536,-56.91490756987999
WDAY,121,100000.0,112375.6259751756,12375.6259751756,12.375625975175602,112375.6259751756,100528.81951041643,-10.542149475880288
WDC,419,100000.0,234180.2026478538,134180.2026478538,134.1802026478538,236511.8810589162,100037.1747211896,-57.70310807503583
WFC,285,100000.0,160832.57807710988,60832.57807710988,60.83257807710988,160832.57807710988,95834.28127976126,-40.41363856406363
WMT,271,100000.0,121193.0825021556,21193.082502155594,21.193082502155594,122500.37731520215,97573.71727708774,-20.348231233587427
WY,199,100000.0,147949.06627996167,47949.06627996167,47.94906627996167,147949.06627996167,100488.53814355505,-32.0789642880191
WYNN,252,100000.0,111170.24831978035,11170.248319780352,11.170248319780352,133237.2187641759,99329.7153625919,-25.44897267902207
XBI,384,100000.0,149851.6808001312,49851.6808001312,49.851680800131206,151578.638233696,100130.81474948359,-33.94134165850788
XEL,146,100000.0,106274.01666169308,6274.01666169308,6.2740166616930795,113215.4717156775,100176.1080129146,-11.517298391432906
XLB,186,100000.0,110789.15900483217,10789.159004832167,10.789159004832166,113833.816250087,100176.23649801023,-11.997822968591136
XLE,254,100000.0,109091.37810551985,9091.378105519849,9.091378105519848,118230.67187645355,99479.03327391366,-15.860214870583341
XLF,246,100000.0,107499.9446481962,7499.944648196193,7.499944648196193,109671.30094266601,98799.90772179703,-9.912705628022348
XLI,288,100000.0,111609.64337085404,11609.643370854043,11.609643370854043,114892.19554457,99882.69017565569,-13.063990376171104
XLK,390,100000.0,131444.12300871432,31444.12300871432,31.44412300871432,131444.12300871432,100288.61909411216,-23.702470069762384
XLU,258,100000.0,98048.02335371016,-1951.9766462898406,-1.9519766462898405,105060.58191512244,95741.01356093609,-8.870661274002419
XLV,252,100000.0,119452.79311990298,19452.793119902984,19.452793119902985,120087.635432223,100270.47332832457,-16.50225023797988
XOM,281,100000.0,128048.18760882941,28048.18760882941,28.048187608829405,131190.93406145324,99270.66404294757,-24.331155385747458
XOP,257,100000.0,109072.1706019106,9072.170601910606,9.072170601910607,116748.58748726375,98097.75825248353,-15.975207611667988
XRT,206,100000.0,123268.76033699742,23268.760336997424,23.268760336997424,123426.13528516737,99778.89529659008,-19.15902165610388
XRX,108,100000.0,126608.20773287799,26608.207732877985,26.608207732877986,126883.03782327005,94012.80622039238,-25.905930506378017
YETI,236,100000.0,106452.99097229131,6452.990972291314,6.452990972291314,116439.20394852829,99236.14361755831,-14.774285419002483
ZM,141,100000.0,131494.97837874322,31494.978378743224,31.494978378743227,132380.71886211674,97696.5459806801,-26.200320695918343
