Symbol,Total_PnL,Avg_PnL,Trade_Count,Strategy,Avg_Price,Avg_Position_Value,Volatility_Ann,Total_Trades,Trading_Days,Trades_Per_Day,Estimated_Daily_Volume,Liquidity_Score,Liquidity_Tier,Market_Impact_Est,Market_Cap_Tier
A,1635.4774833333795,33.37709149659958,49,LONG,133.59912244897959,67612.95926734695,6.647084522781007,49,29,1.6896551724137931,3380647.963367347,50.0,Tier 3 (Moderate),2.0,Large-cap ($10B-$200B)
AA,1387.3529500000805,22.74349098360788,61,LONG,36.437367213114754,73985.03951639343,8.50391100717812,61,40,1.525,3699251.9758196715,50.0,Tier 3 (Moderate),2.0,Mid-cap ($2B-$10B)
AAL,-1459.8895999999804,-58.39558399999922,25,LONG,12.850475999999999,71899.72808,8.454055190422036,25,18,1.3888888888888888,3594986.404,50.0,Tier 3 (Moderate),2.0,Mid-cap ($2B-$10B)
AAPL,1527.892549999975,27.77986454545409,55,LONG,238.0315,72049.4854690909,4.0171103241226,55,34,1.6176470588235294,3602474.273454545,50.0,Tier 3 (Moderate),2.0,Large-cap ($10B-$200B)
ABBV,99.53896666666697,1.4219852380952425,70,LONG,207.36338285714282,70062.37002571428,4.846926418377528,70,40,1.75,3503118.501285714,50.0,Tier 3 (Moderate),1.9999999999999998,Large-cap ($10B-$200B)
ABNB,3736.759966666643,74.73519933333286,50,LONG,131.024806,69983.962946,5.644985636452773,50,31,1.6129032258064515,3499198.1473,50.0,Tier 3 (Moderate),2.0,Large-cap ($10B-$200B)
ABT,-1044.1860499999602,-22.69969673912957,46,LONG,132.76278695652175,71011.87134347825,3.934294290702555,46,25,1.84,3550593.5671739127,50.0,Tier 3 (Moderate),2.0,Large-cap ($10B-$200B)
ACAD,-3250.663083333282,-48.51735945273556,67,LONG,24.533670149253734,82258.20042238805,6.919481825082811,67,33,2.0303030303030303,4112910.0211194027,50.0,Tier 3 (Moderate),2.0,Mid-cap ($2B-$10B)
ACB,3655.595716666612,146.22382866666447,25,LONG,5.53116,70245.18061600001,18.15851897724704,25,18,1.3888888888888888,3512259.0308000008,50.0,Tier 3 (Moderate),2.0,Mid-cap ($2B-$10B)
ACGL,228.38875000003463,4.758098958334055,48,LONG,91.34546875000001,73727.26205208333,2.9994510789165703,48,27,1.7777777777777777,3686363.1026041666,50.0,Tier 3 (Moderate),2.0,Mid-cap ($2B-$10B)
ACN,-1615.3051666667088,-41.41808119658228,39,LONG,256.74529487179484,75324.83254102564,6.7354195535546255,39,20,1.95,3766241.6270512817,50.0,Tier 3 (Moderate),2.0,Large-cap ($10B-$200B)
ADBE,2659.475366666644,83.10860520833262,32,LONG,355.75980625,71844.105190625,9.774076355392225,32,22,1.4545454545454546,3592205.25953125,50.0,Tier 3 (Moderate),2.0,Large-cap ($10B-$200B)
ADI,1541.8064500000328,29.65012403846217,52,LONG,243.20825384615384,69247.88078076922,5.124615178219024,52,35,1.4857142857142858,3462394.039038461,50.0,Tier 3 (Moderate),2.0,Large-cap ($10B-$200B)
ADM,1002.6686833333516,19.660170261438264,51,LONG,59.60789411764706,73953.91004509803,7.106333295076308,51,29,1.7586206896551724,3697695.5022549015,50.0,Tier 3 (Moderate),2.0,Mid-cap ($2B-$10B)
ADP,525.7270833333241,22.85769927536192,23,LONG,286.81656521739126,74492.57547391305,5.037398103578599,23,17,1.3529411764705883,3724628.7736956524,50.0,Tier 3 (Moderate),2.0,Large-cap ($10B-$200B)
ADSK,97.92819999999485,2.5109794871793545,39,LONG,308.0679641025641,67639.99156410257,5.717013543439904,39,24,1.625,3381999.5782051287,50.0,Tier 3 (Moderate),2.0,Large-cap ($10B-$200B)
AEE,91.32314999998924,3.149074137930664,29,LONG,101.29732758620689,67411.56267241378,3.2125548007396096,29,24,1.2083333333333333,3370578.133620689,50.0,Tier 3 (Moderate),2.0,Large-cap ($10B-$200B)
AEP,2877.532750000042,46.41181854838778,62,LONG,113.54306451612905,76671.30498387097,3.5095267622666015,62,36,1.7222222222222223,3833565.2491935487,50.0,Tier 3 (Moderate),2.0,Large-cap ($10B-$200B)
AES,489.1280333333416,17.46885833333363,28,LONG,13.557246428571426,75393.38487142859,10.986076287780211,28,21,1.3333333333333333,3769669.243571429,50.0,Tier 3 (Moderate),2.0,Mid-cap ($2B-$10B)
AFL,1099.566583333355,24.434812962963445,45,LONG,108.86306666666665,72984.58566666667,3.245529277486095,45,27,1.6666666666666667,3649229.283333333,50.0,Tier 3 (Moderate),2.0,Large-cap ($10B-$200B)
AGIO,-1973.0943333334217,-63.64820430107812,31,LONG,37.39044193548388,81978.22343548386,13.865341596566875,31,22,1.4090909090909092,4098911.1717741927,50.0,Tier 3 (Moderate),2.0,Mid-cap ($2B-$10B)
AIG,-1442.9916666667705,-57.71966666667082,25,LONG,81.22099999999999,74185.99740000001,6.324624420121844,25,17,1.4705882352941178,3709299.8700000006,50.0,Tier 3 (Moderate),2.0,Mid-cap ($2B-$10B)
AIZ,1204.386816666658,66.91037870370322,18,LONG,209.3463333333333,74692.92655555558,10.714998962480998,18,15,1.2,3734646.3277777787,50.0,Tier 3 (Moderate),2.0,Large-cap ($10B-$200B)
AJG,2319.974716666642,100.86846594202792,23,LONG,292.44983043478254,78714.04686956522,6.2216807848265105,23,15,1.5333333333333334,3935702.343478261,50.0,Tier 3 (Moderate),2.0,Large-cap ($10B-$200B)
AKAM,3129.129533333311,111.7546261904754,28,LONG,82.67409999999998,70347.88416428572,11.858330672611626,28,17,1.6470588235294117,3517394.208214286,50.0,Tier 3 (Moderate),2.0,Mid-cap ($2B-$10B)
ALB,6839.669666666661,129.0503710691823,53,LONG,93.16858867924526,73947.37986603774,18.62611761361066,53,31,1.7096774193548387,3697368.9933018866,50.0,Tier 3 (Moderate),2.0,Mid-cap ($2B-$10B)
ALGN,3791.950399999973,97.22949743589672,39,LONG,162.882417948718,74139.89988205128,7.778876790450909,39,26,1.5,3706994.9941025637,50.0,Tier 3 (Moderate),2.0,Large-cap ($10B-$200B)
ALL,1419.89055000004,26.79038773584981,53,LONG,206.40015094339628,73572.65979245283,5.077890525214512,53,31,1.7096774193548387,3678632.989622642,50.0,Tier 3 (Moderate),2.0,Large-cap ($10B-$200B)
ALLE,1790.132466666677,66.30120246913619,27,LONG,165.79037037037037,66195.4462962963,6.076788252853489,27,18,1.5,3309772.314814815,50.0,Tier 3 (Moderate),2.0,Large-cap ($10B-$200B)
ALNY,7318.18601666663,119.97026256830542,61,LONG,421.04024590163937,78152.85352459017,11.335407164187284,61,42,1.4523809523809523,3907642.6762295086,50.0,Tier 3 (Moderate),2.0,Large-cap ($10B-$200B)
AMAT,-893.8432666667286,-16.251695757576883,55,LONG,204.53819090909093,69835.03568181819,6.789905554065712,55,42,1.3095238095238095,3491751.7840909096,50.0,Tier 3 (Moderate),2.0,Large-cap ($10B-$200B)
AMC,-281.9679000000251,-16.586347058825005,17,LONG,3.098835294117647,71033.98260588235,11.286484407452114,17,14,1.2142857142857142,3551699.1302941176,50.0,Tier 3 (Moderate),2.0,Mid-cap ($2B-$10B)
AMCR,1428.386200000008,79.35478888888935,18,LONG,8.894722222222223,75082.84861111111,3.4585179485702096,18,15,1.2,3754142.4305555555,50.0,Tier 3 (Moderate),2.0,Mid-cap ($2B-$10B)
AMD,3572.0247499999605,48.931845890410415,73,LONG,177.31740410958903,69262.7430958904,10.449077347878825,73,42,1.7380952380952381,3463137.15479452,50.0,Tier 3 (Moderate),2.0,Large-cap ($10B-$200B)
AME,-247.00631666669503,-10.291929861112294,24,LONG,189.898425,73597.30788333334,4.340062880068532,24,18,1.3333333333333333,3679865.394166667,50.0,Tier 3 (Moderate),2.0,Large-cap ($10B-$200B)
AMGN,6050.008899999957,128.72359361702036,47,LONG,304.2645191489362,72925.93730851066,6.736392598482782,47,30,1.5666666666666667,3646296.865425533,50.0,Tier 3 (Moderate),2.0,Large-cap ($10B-$200B)
AMLP,-243.01855000001524,-11.04629772727342,22,LONG,48.06634545454545,70036.75802727272,2.498877321599285,22,19,1.1578947368421053,3501837.901363636,50.0,Tier 3 (Moderate),2.0,Mid-cap ($2B-$10B)
AMP,-996.039699999994,-41.50165416666641,24,LONG,501.4129500000001,71372.44069999999,6.421021572762918,24,16,1.5,3568622.0349999997,50.0,Tier 3 (Moderate),2.0,Large-cap ($10B-$200B)
AMT,-759.4460833333433,-26.18779597701184,29,LONG,204.49804137931034,72275.91997586208,3.850380938002275,29,21,1.380952380952381,3613795.998793104,50.0,Tier 3 (Moderate),2.0,Large-cap ($10B-$200B)
AMZN,5076.357133333389,62.6710757201653,81,LONG,229.7337172839506,75885.3618382716,10.595014049270857,81,53,1.528301886792453,3794268.0919135795,50.0,Tier 3 (Moderate),2.0,Large-cap ($10B-$200B)
ANET,1394.6962166667145,19.10542762557143,73,LONG,134.28635479452058,73353.96374520549,9.066095563097308,73,44,1.6590909090909092,3667698.1872602743,50.0,Tier 3 (Moderate),2.0,Large-cap ($10B-$200B)
AON,20.27124999996886,0.9214204545440392,22,LONG,360.52135,72885.91765454545,4.479804629990301,22,16,1.375,3644295.882727273,50.0,Tier 3 (Moderate),2.0,Large-cap ($10B-$200B)
AOS,-1521.6931999999724,-43.47694857142778,35,LONG,70.51942857142859,72108.25799999999,5.330287047532485,35,25,1.4,3605412.8999999994,50.0,Tier 3 (Moderate),2.0,Mid-cap ($2B-$10B)
APA,6994.129033333309,155.4250896296291,45,LONG,22.677466666666668,76421.62602666665,12.272557334509337,45,33,1.3636363636363635,3821081.3013333324,50.0,Tier 3 (Moderate),2.0,Mid-cap ($2B-$10B)
APD,-165.36131666666188,-6.124493209876366,27,LONG,277.30916666666667,70817.80712962963,6.23633217857742,27,18,1.5,3540890.3564814813,50.0,Tier 3 (Moderate),2.0,Large-cap ($10B-$200B)
APH,-3063.3084500000405,-48.623943650794295,63,LONG,117.1370650793651,69009.41848253968,5.294574946053076,63,43,1.4651162790697674,3450470.924126984,50.0,Tier 3 (Moderate),2.0,Large-cap ($10B-$200B)
APO,570.2631833333362,12.96052689393946,44,LONG,141.1816931818182,72458.771125,6.792520644760433,44,24,1.8333333333333333,3622938.55625,50.0,Tier 3 (Moderate),2.0,Large-cap ($10B-$200B)
APP,6491.9630333332825,96.89497064676542,67,LONG,508.3897208955223,72216.20077910449,13.343557680250276,67,38,1.763157894736842,3610810.0389552247,50.0,Tier 3 (Moderate),2.0,Large-cap ($10B-$200B)
APTV,534.2239166666768,17.2330295698928,31,LONG,81.01162903225804,72653.4033548387,3.945604132642356,31,24,1.2916666666666667,3632670.167741935,50.0,Tier 3 (Moderate),2.0,Mid-cap ($2B-$10B)
ARE,1341.2209333333012,74.5122740740723,18,LONG,77.52305555555556,67376.31805555554,6.5361198942290155,18,16,1.125,3368815.902777777,50.0,Tier 3 (Moderate),2.0,Mid-cap ($2B-$10B)
ARM,3131.0054333333755,92.08839509804044,34,LONG,161.43221470588236,73171.86843235293,13.369477824443862,34,19,1.7894736842105263,3658593.4216176467,50.0,Tier 3 (Moderate),2.0,Large-cap ($10B-$200B)
ASML,633.6129000001165,8.800179166668284,72,LONG,900.3043666666666,73053.44242777779,5.594922639742552,72,38,1.894736842105263,3652672.1213888894,50.0,Tier 3 (Moderate),2.0,Large-cap ($10B-$200B)
ATO,272.5836166665613,6.989323504270802,39,LONG,168.7222435897436,70607.11243589742,4.680609796576604,39,26,1.5,3530355.621794871,50.0,Tier 3 (Moderate),2.0,Large-cap ($10B-$200B)
AVB,-571.3415833333347,-51.94014393939406,11,LONG,190.2925,68270.40636363636,3.706298824349293,11,9,1.2222222222222223,3413520.318181818,50.0,Tier 3 (Moderate),2.0,Large-cap ($10B-$200B)
AVGO,3786.2949666666536,44.02668565891458,86,LONG,325.82386395348846,72762.30645232557,11.911607771075518,86,47,1.8297872340425532,3638115.3226162787,50.0,Tier 3 (Moderate),2.0,Large-cap ($10B-$200B)
AVY,791.6324333333032,43.97957962962796,18,LONG,178.87277777777777,72304.54,7.980959857986414,18,16,1.125,3615226.9999999995,50.0,Tier 3 (Moderate),2.0,Large-cap ($10B-$200B)
AWK,1464.4653000000037,48.81551000000012,30,LONG,140.85085333333333,78809.50783333332,4.407042067540236,30,20,1.5,3940475.391666666,50.0,Tier 3 (Moderate),2.0,Large-cap ($10B-$200B)
AXON,-114.5576166666433,-3.695406989246558,31,LONG,707.5833193548386,77459.56857419354,12.908992702344039,31,20,1.55,3872978.4287096774,50.0,Tier 3 (Moderate),2.0,Large-cap ($10B-$200B)
AXP,1675.3634166666234,31.02524845678932,54,LONG,338.0316314814814,72196.25482407407,6.006699531525771,54,35,1.542857142857143,3609812.7412037035,50.0,Tier 3 (Moderate),2.0,Large-cap ($10B-$200B)
AXSM,6816.77563333336,158.52966589147348,43,LONG,125.97948837209303,78590.69189302325,10.89560901689559,43,27,1.5925925925925926,3929534.5946511626,50.0,Tier 3 (Moderate),2.0,Large-cap ($10B-$200B)
AZN,889.3966333333738,17.103781410257188,52,LONG,80.83333846153846,75007.8730173077,3.7797730323172725,52,30,1.7333333333333334,3750393.6508653853,50.0,Tier 3 (Moderate),2.0,Mid-cap ($2B-$10B)
AZO,-1072.1508333333477,-97.46825757575888,11,LONG,3867.0468181818183,94734.10409090911,5.194644922691216,11,8,1.375,4736705.204545455,49.99999999999999,Tier 3 (Moderate),2.0,Large-cap ($10B-$200B)
BA,299.40795000001526,5.443780909091187,55,LONG,219.1860018181818,82325.59165818183,5.7466545820745125,55,32,1.71875,4116279.5829090914,50.0,Tier 3 (Moderate),2.0,Large-cap ($10B-$200B)
BABA,-1808.055250000005,-43.04893452380964,42,LONG,149.1947619047619,75643.61276190475,5.189951645251,42,29,1.4482758620689655,3782180.6380952373,50.0,Tier 3 (Moderate),2.0,Large-cap ($10B-$200B)
BAC,1509.9483166666396,35.115077131782314,43,LONG,51.414332558139535,84163.67060465114,4.445923544700223,43,28,1.5357142857142858,4208183.530232557,50.0,Tier 3 (Moderate),2.0,Mid-cap ($2B-$10B)
BALL,1616.613966666671,70.28756376811614,23,LONG,53.23521739130435,66668.07630434782,3.9621716070998554,23,16,1.4375,3333403.815217391,50.0,Tier 3 (Moderate),2.0,Mid-cap ($2B-$10B)
BAX,-373.21713333332445,-23.32607083333278,16,LONG,23.774556250000003,74007.09158124999,4.649270753077314,16,12,1.3333333333333333,3700354.5790624996,50.0,Tier 3 (Moderate),2.0,Mid-cap ($2B-$10B)
BBD,-470.1333500000037,-22.38730238095256,21,LONG,3.3369285714285715,76560.35506190476,8.932480589097482,21,19,1.105263157894737,3828017.753095238,50.0,Tier 3 (Moderate),2.0,Mid-cap ($2B-$10B)
BBY,850.8194666666677,27.44578924731186,31,LONG,76.3584451612903,72102.55582580647,4.443041477613032,31,24,1.2916666666666667,3605127.7912903237,50.0,Tier 3 (Moderate),2.0,Mid-cap ($2B-$10B)
BDX,1321.9053666666514,35.72717207207166,37,LONG,188.1329189189189,76250.05588108108,5.3857505632220315,37,23,1.608695652173913,3812502.7940540537,50.0,Tier 3 (Moderate),2.0,Large-cap ($10B-$200B)
BEN,1067.3388833333374,38.11924583333348,28,LONG,23.907353571428576,68774.09493214286,9.150413412268371,28,21,1.3333333333333333,3438704.746607143,50.0,Tier 3 (Moderate),2.0,Mid-cap ($2B-$10B)
BG,2493.949499999944,57.99882558139405,43,LONG,87.68667441860462,71236.75941860465,6.943596475228671,43,27,1.5925925925925926,3561837.970930232,50.0,Tier 3 (Moderate),2.0,Mid-cap ($2B-$10B)
BHC,33.2603166667177,0.5734537356330638,58,LONG,6.5236931034482755,75070.20273620692,13.470010869151357,58,34,1.7058823529411764,3753510.136810346,50.0,Tier 3 (Moderate),2.0,Mid-cap ($2B-$10B)
BIDU,3603.189183333336,72.06378366666671,50,LONG,114.60619599999998,74449.57867799999,17.340789727266266,50,33,1.5151515151515151,3722478.9338999996,50.0,Tier 3 (Moderate),2.0,Large-cap ($10B-$200B)
BIIB,-92.01769999989484,-1.704031481479534,54,LONG,150.09307037037036,75151.71787777777,8.803951880147322,54,33,1.6363636363636365,3757585.893888889,50.0,Tier 3 (Moderate),2.0,Large-cap ($10B-$200B)
BK,1330.7883333332647,18.22997716894883,73,LONG,103.03088356164385,70690.65130958904,4.230046046080907,73,42,1.7380952380952381,3534532.565479452,50.0,Tier 3 (Moderate),2.0,Large-cap ($10B-$200B)
BKNG,2611.632333333364,124.3634444444459,21,LONG,5234.000047619048,100131.34857142856,10.056376106329097,21,13,1.6153846153846154,5006567.428571428,50.0,Tier 3 (Moderate),2.0,Large-cap ($10B-$200B)
BKR,672.5214166666701,13.186694444444512,51,LONG,44.978233333333336,70238.37532549018,6.1970112165257305,51,35,1.457142857142857,3511918.766274509,50.0,Tier 3 (Moderate),2.0,Mid-cap ($2B-$10B)
BLDR,-1060.524633333349,-40.78940897435957,26,LONG,128.1846923076923,66547.46880769232,7.650152125121544,26,18,1.4444444444444444,3327373.440384616,50.0,Tier 3 (Moderate),2.0,Large-cap ($10B-$200B)
BLK,2435.179333333377,86.97069047619205,28,LONG,1093.2482499999999,68695.41814285713,5.8449503718815885,28,20,1.4,3434770.9071428566,50.0,Tier 3 (Moderate),2.0,Large-cap ($10B-$200B)
BMO,940.9075666666612,28.512350505050343,33,LONG,121.54060606060605,70198.92227272727,3.1174965490473383,33,25,1.32,3509946.1136363638,50.0,Tier 3 (Moderate),2.0,Large-cap ($10B-$200B)
BMY,-1874.0252999999864,-37.480505999999735,50,LONG,47.95136600000001,74891.27204,5.335924192311946,50,28,1.7857142857142858,3744563.602,50.0,Tier 3 (Moderate),2.0,Mid-cap ($2B-$10B)
BNS,502.3001333333887,8.812283040936643,57,LONG,62.77231403508772,77197.75311052632,2.4270270906143847,57,37,1.5405405405405406,3859887.655526316,50.0,Tier 3 (Moderate),2.0,Mid-cap ($2B-$10B)
BOOT,3030.019616666599,68.86408219696817,44,LONG,179.4173409090909,71235.63102272725,11.937786998531957,44,31,1.4193548387096775,3561781.5511363624,50.0,Tier 3 (Moderate),2.0,Large-cap ($10B-$200B)
BP,1181.169483333324,25.677597463767917,46,LONG,33.63977391304348,71879.34179130435,5.4885868699772224,46,30,1.5333333333333334,3593967.0895652175,50.0,Tier 3 (Moderate),2.0,Mid-cap ($2B-$10B)
BR,1327.2737999999808,51.04899230769157,26,LONG,243.5260307692308,74291.9608923077,5.722985518628518,26,19,1.368421052631579,3714598.044615385,50.0,Tier 3 (Moderate),2.0,Large-cap ($10B-$200B)
BRO,1067.395466666654,66.71221666666588,16,LONG,97.1659375,75643.686875,7.128703952578508,16,11,1.4545454545454546,3782184.34375,50.0,Tier 3 (Moderate),2.0,Mid-cap ($2B-$10B)
BSX,97.55379999998696,1.8406377358488104,53,LONG,104.4010471698113,74177.83812641511,5.0492293930111725,53,29,1.8275862068965518,3708891.9063207554,50.0,Tier 3 (Moderate),2.0,Large-cap ($10B-$200B)
BX,-1050.8467666667275,-23.35215037037172,45,LONG,165.9655111111111,68594.59843111111,6.735982679866207,45,29,1.5517241379310345,3429729.9215555554,50.0,Tier 3 (Moderate),2.0,Large-cap ($10B-$200B)
BXP,3476.701600000015,108.64692500000046,32,LONG,73.016875,75601.92703125,7.080632915809189,32,20,1.6,3780096.3515625,50.0,Tier 3 (Moderate),2.0,Mid-cap ($2B-$10B)
BYD,302.3413333332719,7.752341880340305,39,LONG,81.7572,72080.90526153847,4.369921401682824,39,31,1.2580645161290323,3604045.263076924,50.0,Tier 3 (Moderate),2.0,Mid-cap ($2B-$10B)
BYND,-14042.538416666664,-702.1269208333331,20,LONG,2.8821950000000003,75962.2695,71.3795172860392,20,17,1.1764705882352942,3798113.4749999996,50.0,Tier 3 (Moderate),2.0,Mid-cap ($2B-$10B)
BZH,-902.0716666666848,-128.86738095238357,7,LONG,23.30142857142857,68392.33071428571,10.0717919560351,7,7,1.0,3419616.5357142854,50.0,Tier 3 (Moderate),2.0,Mid-cap ($2B-$10B)
BZUN,8148.640483333293,428.87581491227854,19,LONG,3.4501000000000004,73705.51180000001,32.139206325554206,19,11,1.7272727272727273,3685275.5900000003,50.0,Tier 3 (Moderate),2.0,Mid-cap ($2B-$10B)
C,-180.8706500000117,-2.6598625000001714,68,LONG,97.31358676470587,70243.67974558822,4.364670639685764,68,43,1.5813953488372092,3512183.987279411,50.0,Tier 3 (Moderate),2.0,Mid-cap ($2B-$10B)
CAG,1143.331166666605,71.45819791666281,16,LONG,18.86705625,71498.7217625,4.513793526203361,16,14,1.1428571428571428,3574936.0881250002,50.0,Tier 3 (Moderate),2.0,Mid-cap ($2B-$10B)
CAH,3162.3407166666293,70.27423814814732,45,LONG,166.44587555555555,76634.75149333333,5.660073390117382,45,28,1.6071428571428572,3831737.5746666663,50.0,Tier 3 (Moderate),2.0,Large-cap ($10B-$200B)
CAR,-2850.10170000005,-67.85956428571548,42,LONG,170.87196904761905,66199.12628571429,12.853641501140297,42,24,1.75,3309956.314285714,50.0,Tier 3 (Moderate),2.0,Large-cap ($10B-$200B)
CARR,-1636.376083333329,-65.45504333333317,25,LONG,68.82480000000001,67299.3434,4.7093764397913125,25,17,1.4705882352941178,3364967.17,50.0,Tier 3 (Moderate),2.0,Mid-cap ($2B-$10B)
CAT,1905.5693833333423,19.44458554421778,98,LONG,483.7508183673468,72479.07639387755,6.578322461906942,98,56,1.75,3623953.8196938774,50.0,Tier 3 (Moderate),2.0,Large-cap ($10B-$200B)
CB,809.8104833334073,12.854134656085831,63,LONG,287.2356904761905,79138.5485190476,3.499876144922475,63,34,1.8529411764705883,3956927.42595238,50.0,Tier 3 (Moderate),2.0,Large-cap ($10B-$200B)
CBRE,1069.390783333285,33.41846197916516,32,LONG,157.10578125,70175.76046875,4.24591121926691,32,23,1.391304347826087,3508788.0234375,50.0,Tier 3 (Moderate),2.0,Large-cap ($10B-$200B)
CCEP,-1165.551549999931,-27.751227380950738,42,LONG,91.83190476190477,68979.47380952381,3.6626571038279008,42,26,1.6153846153846154,3448973.6904761908,50.0,Tier 3 (Moderate),2.0,Mid-cap ($2B-$10B)
CCI,-91.93853333334846,-3.997327536232542,23,LONG,100.24233043478262,71475.99111304348,5.007375236090848,23,15,1.5333333333333334,3573799.5556521737,50.0,Tier 3 (Moderate),2.0,Large-cap ($10B-$200B)
CCL,129.71301666667568,4.053531770833615,32,LONG,28.63995,70064.2523375,5.114012154424214,32,23,1.391304347826087,3503212.6168750003,50.0,Tier 3 (Moderate),2.0,Mid-cap ($2B-$10B)
CDNS,4284.105216666663,107.1026304166666,40,LONG,341.71711500000004,72760.00915999999,9.660747537380269,40,27,1.4814814814814814,3638000.457999999,50.0,Tier 3 (Moderate),2.0,Large-cap ($10B-$200B)
CDW,88.6603833333138,2.860012365590768,31,LONG,159.20733870967743,76797.20032258064,5.473722919926213,31,21,1.4761904761904763,3839860.016129032,50.0,Tier 3 (Moderate),2.0,Large-cap ($10B-$200B)
CEG,-5907.595333333338,-92.3061770833334,64,LONG,343.62752656249995,70351.81343125,8.125098595882934,64,40,1.6,3517590.6715625003,50.0,Tier 3 (Moderate),2.0,Large-cap ($10B-$200B)
CF,-2465.3140000000058,-79.52625806451631,31,LONG,90.60368064516129,74318.80655806452,6.7977489471510095,31,15,2.066666666666667,3715940.327903226,50.0,Tier 3 (Moderate),2.0,Mid-cap ($2B-$10B)
CFG,1081.4629166666928,37.291824712644576,29,LONG,51.38086206896552,71734.53086206896,4.894740192961163,29,19,1.5263157894736843,3586726.543103448,50.0,Tier 3 (Moderate),2.0,Mid-cap ($2B-$10B)
CGC,2732.3662666666933,182.15775111111287,15,LONG,1.488926666666667,67361.48794,24.713442136335555,15,12,1.25,3368074.3970000003,50.0,Tier 3 (Moderate),2.0,Mid-cap ($2B-$10B)
CGNX,-1823.2368833333749,-42.40085775193895,43,LONG,41.00918604651163,73075.97581395348,7.315970926358502,43,32,1.34375,3653798.7906976743,50.0,Tier 3 (Moderate),2.0,Mid-cap ($2B-$10B)
CHD,-2947.3676333333933,-184.21047708333708,16,LONG,91.40875,76087.045625,6.9741134732598145,16,13,1.2307692307692308,3804352.28125,50.0,Tier 3 (Moderate),2.0,Mid-cap ($2B-$10B)
CHRW,25035.51834999994,641.9363679487165,39,LONG,131.42128205128205,74579.22961538461,51.52227358832244,39,26,1.5,3728961.4807692305,50.0,Tier 3 (Moderate),2.0,Large-cap ($10B-$200B)
CHTR,-1506.8571666666685,-45.66233838383844,33,LONG,291.79655757575756,76517.9933939394,6.00751898670597,33,20,1.65,3825899.66969697,50.0,Tier 3 (Moderate),2.0,Large-cap ($10B-$200B)
CI,494.7294666667076,26.03839298245829,19,LONG,299.57701578947376,66740.45568421052,5.134729492099084,19,14,1.3571428571428572,3337022.7842105264,50.0,Tier 3 (Moderate),1.9999999999999998,Large-cap ($10B-$200B)
CINF,2927.4064999999464,139.40030952380698,21,LONG,160.0765095238095,68908.81833809524,8.489225688188611,21,18,1.1666666666666667,3445440.916904762,50.0,Tier 3 (Moderate),2.0,Large-cap ($10B-$200B)
CLX,-379.8139499999816,-18.99069749999908,20,LONG,122.3715,69141.41,2.905499188641145,20,14,1.4285714285714286,3457070.5,50.0,Tier 3 (Moderate),2.0,Large-cap ($10B-$200B)
CMCSA,996.84976666671,39.8739906666684,25,LONG,32.987208,65738.170224,5.813179326579852,25,18,1.3888888888888888,3286908.5112,50.0,Tier 3 (Moderate),2.0,Mid-cap ($2B-$10B)
CME,818.4683166665855,18.601552651513305,44,LONG,275.82659318181817,75167.02115227273,5.156737121705799,44,26,1.6923076923076923,3758351.057613637,50.0,Tier 3 (Moderate),2.0,Large-cap ($10B-$200B)
CMG,-80.41335000002437,-4.467408333334687,18,LONG,38.05161666666667,75621.69558333332,4.68152259296324,18,12,1.5,3781084.779166666,50.0,Tier 3 (Moderate),2.0,Mid-cap ($2B-$10B)
CMI,13.525083333282964,0.3756967592578601,36,LONG,397.494975,70783.44372222223,7.056792989407003,36,26,1.3846153846153846,3539172.1861111117,50.0,Tier 3 (Moderate),2.0,Large-cap ($10B-$200B)
CMS,349.83658333333733,9.71768287037048,36,LONG,72.52194444444444,67454.49277777778,3.7504398217809203,36,26,1.3846153846153846,3372724.638888889,50.0,Tier 3 (Moderate),2.0,Mid-cap ($2B-$10B)
CNC,934.708483333321,20.77129962962936,45,LONG,34.21006888888889,73820.84049777778,7.752999638547273,45,24,1.875,3691042.024888889,50.0,Tier 3 (Moderate),2.0,Mid-cap ($2B-$10B)
CNP,818.3226166666864,31.473946794872557,26,LONG,38.762276923076925,76842.17159615384,3.520315637537503,26,18,1.4444444444444444,3842108.579807692,50.0,Tier 3 (Moderate),2.0,Mid-cap ($2B-$10B)
CNQ,-1716.824533333347,-31.7930469135805,54,LONG,32.63501666666667,75880.19522592593,4.972098513208131,54,34,1.588235294117647,3794009.7612962965,50.0,Tier 3 (Moderate),2.0,Mid-cap ($2B-$10B)
COF,1547.352566666661,44.21007333333317,35,LONG,221.40791999999996,65975.99562285715,9.029996123171893,35,19,1.8421052631578947,3298799.781142858,50.0,Tier 3 (Moderate),2.0,Large-cap ($10B-$200B)
COIN,1458.605683333306,40.51682453703628,36,LONG,360.7931166666667,72738.79665277778,14.476583988138902,36,21,1.7142857142857142,3636939.8326388886,50.0,Tier 3 (Moderate),2.0,Large-cap ($10B-$200B)
COO,1725.9481666667052,57.53160555555685,30,LONG,72.17476666666666,74303.17540000001,10.23595752067959,30,20,1.5,3715158.7700000005,50.0,Tier 3 (Moderate),2.0,Mid-cap ($2B-$10B)
COP,140.61706666670216,2.812341333334043,50,LONG,94.65455199999998,73259.48845,6.050084389141599,50,32,1.5625,3662974.4225000003,50.0,Tier 3 (Moderate),2.0,Mid-cap ($2B-$10B)
COR,4128.653666666716,67.68284699453633,61,LONG,321.5422213114755,78761.85475245902,6.422092373888246,61,40,1.525,3938092.737622951,50.0,Tier 3 (Moderate),2.0,Large-cap ($10B-$200B)
COST,-2457.3831000000573,-59.93617317073311,41,LONG,968.8969439024389,70366.47469268292,5.7018555058645894,41,23,1.7826086956521738,3518323.734634146,50.0,Tier 3 (Moderate),2.0,Large-cap ($10B-$200B)
CPAY,1201.6045666666903,66.75580925926059,18,LONG,300.3185555555556,72155.06300000001,8.282635750798049,18,11,1.6363636363636365,3607753.1500000004,50.0,Tier 3 (Moderate),2.0,Large-cap ($10B-$200B)
CPB,1740.1236666666737,62.14727380952406,28,LONG,32.322421428571424,67967.32279285716,5.6147065939748035,28,18,1.5555555555555556,3398366.139642858,50.0,Tier 3 (Moderate),2.0,Mid-cap ($2B-$10B)
CPRT,464.63849999999366,22.125642857142555,21,LONG,47.26003333333334,71658.46498095238,3.3058321458590694,21,15,1.4,3582923.2490476193,50.0,Tier 3 (Moderate),2.0,Mid-cap ($2B-$10B)
CPT,112.99321666666948,5.649660833333473,20,LONG,107.7055,74706.13799999999,3.3473941647033594,20,13,1.5384615384615385,3735306.8999999994,50.0,Tier 3 (Moderate),2.0,Large-cap ($10B-$200B)
CRL,5766.216050000039,180.1942515625012,32,LONG,172.611640625,67274.119375,17.817537142429078,32,23,1.391304347826087,3363705.9687499995,50.0,Tier 3 (Moderate),2.0,Large-cap ($10B-$200B)
CRM,1311.3956666667364,29.804446969698557,44,LONG,257.7789,77772.96569772727,5.95598026783131,44,27,1.6296296296296295,3888648.2848863634,50.0,Tier 3 (Moderate),2.0,Large-cap ($10B-$200B)
CRON,4288.583083333309,158.83641049382626,27,LONG,2.5465814814814816,75794.97002962964,20.93771654979533,27,18,1.5,3789748.501481482,50.0,Tier 3 (Moderate),2.0,Mid-cap ($2B-$10B)
CRWD,502.56710000008025,8.518086440679326,59,LONG,486.028186440678,70984.36062711864,8.224927000003362,59,37,1.5945945945945945,3549218.0313559324,50.0,Tier 3 (Moderate),2.0,Large-cap ($10B-$200B)
CSCO,441.5742333334492,7.009114814816654,63,LONG,71.50194761904763,76635.82600317459,5.518163228356693,63,35,1.8,3831791.3001587293,50.0,Tier 3 (Moderate),2.0,Mid-cap ($2B-$10B)
CSGP,348.4059999999663,10.557757575756554,33,LONG,83.3694696969697,67871.85795454546,4.45482064233578,33,18,1.8333333333333333,3393592.897727273,50.0,Tier 3 (Moderate),2.0,Mid-cap ($2B-$10B)
CSIQ,2343.877333333243,37.20440211640068,63,LONG,18.12959523809524,80644.15307460318,16.58282331162357,63,35,1.8,4032207.6537301587,50.0,Tier 3 (Moderate),2.0,Mid-cap ($2B-$10B)
CSX,3680.01109999996,60.32805081967147,61,LONG,34.592527868852464,71508.8829180328,4.114036847754594,61,37,1.6486486486486487,3575444.14590164,50.0,Tier 3 (Moderate),2.0,Mid-cap ($2B-$10B)
CTAS,-893.0001166666698,-55.81250729166686,16,LONG,210.13125624999998,68102.0367,3.617245481120398,16,11,1.4545454545454546,3405101.835,50.0,Tier 3 (Moderate),2.0,Large-cap ($10B-$200B)
CTRA,-515.6146000000299,-19.096837037038146,27,LONG,25.077129629629624,78160.77268518518,4.991457714611326,27,17,1.588235294117647,3908038.634259259,50.0,Tier 3 (Moderate),2.0,Mid-cap ($2B-$10B)
CTSH,2879.8566999999166,77.83396486486261,37,LONG,74.47655135135135,78309.35503783783,5.857791307763041,37,19,1.9473684210526316,3915467.7518918915,50.0,Tier 3 (Moderate),2.0,Mid-cap ($2B-$10B)
CTVA,-1889.6252333333105,-60.955652688171305,31,LONG,69.6659935483871,72651.67063870968,3.2024530447077337,31,19,1.631578947368421,3632583.531935484,50.0,Tier 3 (Moderate),2.0,Mid-cap ($2B-$10B)
CVS,-2294.1034500000023,-43.28497075471702,53,LONG,74.59493396226415,74930.32901886794,5.9070801968122675,53,31,1.7096774193548387,3746516.450943397,50.0,Tier 3 (Moderate),2.0,Mid-cap ($2B-$10B)
CVX,-2057.9861499999897,-33.73747786885229,61,LONG,154.23600163934427,72414.74221803278,4.357043188682614,61,38,1.605263157894737,3620737.1109016393,50.0,Tier 3 (Moderate),2.0,Large-cap ($10B-$200B)
D,-709.146033333338,-20.26131523809537,35,LONG,60.772234285714276,74958.18528,2.7518234563202255,35,22,1.5909090909090908,3747909.2640000004,50.0,Tier 3 (Moderate),2.0,Mid-cap ($2B-$10B)
DAL,237.05608333336568,8.779854938272804,27,LONG,58.968411111111116,70585.17598888889,6.144549758491671,27,19,1.4210526315789473,3529258.7994444445,50.0,Tier 3 (Moderate),2.0,Mid-cap ($2B-$10B)
DASH,-998.0180333333046,-14.056592018778938,71,LONG,244.23236197183098,71788.32899859155,7.990265363468851,71,42,1.6904761904761905,3589416.4499295773,50.0,Tier 3 (Moderate),2.0,Large-cap ($10B-$200B)
DAY,483.4842000000426,15.596264516130407,31,LONG,65.45532258064516,74983.60629032258,10.616629042919778,31,19,1.631578947368421,3749180.314516129,50.0,Tier 3 (Moderate),2.0,Mid-cap ($2B-$10B)
DD,1271.2692666666917,74.78054509804069,17,LONG,77.83813529411765,67132.46451176472,6.358375331589546,17,12,1.4166666666666667,3356623.225588236,50.0,Tier 3 (Moderate),2.0,Mid-cap ($2B-$10B)
DDOG,3829.9297166666,61.773059946235485,62,LONG,149.70852258064514,72452.20740483873,7.655299389596597,62,37,1.6756756756756757,3622610.3702419363,50.0,Tier 3 (Moderate),2.0,Large-cap ($10B-$200B)
DE,-121.69431666672608,-4.680550641027926,26,LONG,494.4120192307692,73333.51586538462,7.718283489684636,26,15,1.7333333333333334,3666675.793269231,50.0,Tier 3 (Moderate),2.0,Large-cap ($10B-$200B)
DECK,-2146.665766666658,-55.04271196581174,39,LONG,110.39686153846152,72286.762374359,5.21889161284061,39,22,1.7727272727272727,3614338.11871795,50.0,Tier 3 (Moderate),2.0,Large-cap ($10B-$200B)
DELL,3078.211350000034,71.58631046511708,43,LONG,140.27603488372094,70896.28029534883,9.303483816377076,43,25,1.72,3544814.0147674414,50.0,Tier 3 (Moderate),2.0,Large-cap ($10B-$200B)
DG,-532.1161833333681,-20.466007051283388,26,LONG,109.15423076923078,77796.84788461539,6.048121859169371,26,16,1.625,3889842.3942307695,50.0,Tier 3 (Moderate),2.0,Large-cap ($10B-$200B)
DGX,2527.781333333318,54.9517681159417,46,LONG,182.5081956521739,75793.66443478261,7.826485251179821,46,27,1.7037037037037037,3789683.2217391306,50.0,Tier 3 (Moderate),2.0,Large-cap ($10B-$200B)
DHI,3432.3120333333354,62.40567333333337,55,LONG,157.1989,71269.87370181817,8.723517546660247,55,31,1.7741935483870968,3563493.685090909,50.0,Tier 3 (Moderate),2.0,Large-cap ($10B-$200B)
DHR,-25.861716666688157,-0.517234333333763,50,LONG,212.820776,71167.2696,5.843005003128255,50,31,1.6129032258064515,3558363.48,50.0,Tier 3 (Moderate),2.0,Large-cap ($10B-$200B)
DIA,256.1029166667213,5.955881782947007,43,LONG,462.23420697674413,76561.28760930234,1.9532525475360292,43,29,1.4827586206896552,3828064.380465117,50.0,Tier 3 (Moderate),2.0,Large-cap ($10B-$200B)
DIS,4967.774616666662,112.90396856060596,44,LONG,115.10795909090906,86264.72901363636,5.856924031138682,44,29,1.5172413793103448,4313236.450681818,50.0,Tier 3 (Moderate),2.0,Large-cap ($10B-$200B)
DLR,766.9135666666989,42.60630925926105,18,LONG,175.71056111111108,68841.84576111111,5.544198744507634,18,11,1.6363636363636365,3442092.2880555554,50.0,Tier 3 (Moderate),2.0,Large-cap ($10B-$200B)
DLTR,2153.005833333358,41.40395833333381,52,LONG,103.53116730769231,71699.81625961537,7.916877532216744,52,28,1.8571428571428572,3584990.8129807687,50.0,Tier 3 (Moderate),2.0,Large-cap ($10B-$200B)
DOC,-1804.837566666676,-62.23577816091986,29,LONG,18.434575862068968,74252.0448413793,3.5472002055739478,29,19,1.5263157894736843,3712602.2420689655,50.0,Tier 3 (Moderate),2.0,Mid-cap ($2B-$10B)
DOV,-159.06111666664947,-8.37163771929734,19,LONG,178.94062631578947,73542.93087368422,4.632404105189542,19,15,1.2666666666666666,3677146.543684211,50.0,Tier 3 (Moderate),2.0,Large-cap ($10B-$200B)
DOW,-425.8148500000243,-17.032594000000973,25,LONG,25.974091999999995,73627.197064,7.303663151601551,25,20,1.25,3681359.8532000002,50.0,Tier 3 (Moderate),2.0,Mid-cap ($2B-$10B)
DPZ,-817.6954000000114,-32.707816000000456,25,LONG,445.549144,68535.36166400001,9.606753180186862,25,18,1.3888888888888888,3426768.0832000007,50.0,Tier 3 (Moderate),2.0,Large-cap ($10B-$200B)
DRI,-469.1079833333715,-21.323090151516887,22,LONG,202.72995909090906,72836.07770000001,4.834299202789849,22,15,1.4666666666666666,3641803.8850000002,50.0,Tier 3 (Moderate),2.0,Large-cap ($10B-$200B)
DTE,610.2171500000113,21.041970689655564,29,LONG,139.3717379310345,67979.00766896553,3.598386242426636,29,19,1.5263157894736843,3398950.383448276,50.0,Tier 3 (Moderate),2.0,Large-cap ($10B-$200B)
DUK,755.382366666694,16.421355797102045,46,LONG,124.27269565217394,76666.33569565217,3.342531037318445,46,22,2.090909090909091,3833316.784782609,50.0,Tier 3 (Moderate),2.0,Large-cap ($10B-$200B)
DUST,-2117.0579666666745,-66.15806145833358,32,LONG,18.31598125,73919.5147875,9.928677136478967,32,19,1.6842105263157894,3695975.739375,50.0,Tier 3 (Moderate),2.0,Mid-cap ($2B-$10B)
DVA,1740.5827666666446,96.69904259259135,18,LONG,134.91652777777776,72734.10694444444,9.348537971497123,18,17,1.0588235294117647,3636705.347222222,50.0,Tier 3 (Moderate),2.0,Large-cap ($10B-$200B)
DVN,3398.923266666643,91.86279099099036,37,LONG,34.708481081081075,64977.725462162176,8.300648913116348,37,25,1.48,3248886.273108109,50.0,Tier 3 (Moderate),2.0,Mid-cap ($2B-$10B)
DXCM,2773.045033333336,77.02902870370377,36,LONG,73.79735555555557,75522.76383611112,7.784572847977278,36,22,1.6363636363636365,3776138.191805556,50.0,Tier 3 (Moderate),2.0,Mid-cap ($2B-$10B)
EA,1330.1734833334194,18.47463171296416,72,LONG,174.54874999999998,77007.08414722222,4.323223500230942,72,39,1.8461538461538463,3850354.2073611114,50.0,Tier 3 (Moderate),2.0,Large-cap ($10B-$200B)
EBAY,3112.903816666716,44.47005452381023,70,LONG,87.05770142857143,71436.0350142857,7.691750862191225,70,35,2.0,3571801.7507142853,50.0,Tier 3 (Moderate),2.0,Mid-cap ($2B-$10B)
ECL,-30.138833333279763,-0.9722204301057988,31,LONG,273.32693870967745,73658.66561612903,2.833007656151877,31,21,1.4761904761904763,3682933.2808064516,50.0,Tier 3 (Moderate),2.0,Large-cap ($10B-$200B)
ED,-1454.9675666666226,-60.62364861110928,24,LONG,101.61845,74661.26611666667,2.727866172366105,24,15,1.6,3733063.305833333,50.0,Tier 3 (Moderate),2.0,Large-cap ($10B-$200B)
EDIT,4116.987133333358,91.4886029629635,45,LONG,2.976682222222222,71206.4410511111,25.948261540067087,45,27,1.6666666666666667,3560322.0525555555,50.0,Tier 3 (Moderate),2.0,Mid-cap ($2B-$10B)
EEM,-42.20463333326188,-1.2413127450959376,34,LONG,51.645147058823525,70482.0580882353,1.4861393831640128,34,28,1.2142857142857142,3524102.904411765,50.0,Tier 3 (Moderate),2.0,Mid-cap ($2B-$10B)
EFA,22.758266666663985,0.9482611111109994,24,LONG,92.73750416666667,64246.3434375,1.0726131105717476,24,20,1.2,3212317.171875,50.0,Tier 3 (Moderate),2.0,Mid-cap ($2B-$10B)
EFX,390.90666666670586,14.478024691359476,27,LONG,239.7115740740741,76304.11870370372,8.868928152374366,27,21,1.2857142857142858,3815205.9351851856,50.0,Tier 3 (Moderate),2.0,Large-cap ($10B-$200B)
EG,623.7729000000254,77.97161250000318,8,LONG,334.8875,73272.29375000001,12.629206288967321,8,8,1.0,3663614.6875000005,50.0,Tier 3 (Moderate),2.0,Large-cap ($10B-$200B)
EIX,1530.0452833333038,49.35629946236464,31,LONG,55.2626,69630.16859354838,8.025036342223036,31,20,1.55,3481508.4296774194,50.0,Tier 3 (Moderate),2.0,Mid-cap ($2B-$10B)
EL,125.90046666667332,3.815165656565858,33,LONG,93.26340303030304,73373.46257575757,4.331644459795033,33,17,1.9411764705882353,3668673.1287878784,50.0,Tier 3 (Moderate),2.0,Mid-cap ($2B-$10B)
ELV,1069.889016666668,25.47354801587305,42,LONG,332.33508809523806,75530.2245547619,8.85107820364034,42,24,1.75,3776511.2277380945,50.0,Tier 3 (Moderate),2.0,Large-cap ($10B-$200B)
EMB,225.9590833333932,3.182522300470327,71,LONG,94.45552394366197,81711.18598309858,0.734540234700876,71,49,1.4489795918367347,4085559.299154929,50.0,Tier 3 (Moderate),2.0,Mid-cap ($2B-$10B)
EME,1174.5794499999029,65.25441388888349,18,LONG,647.8484888888889,69236.33486666667,10.861459225926183,18,16,1.125,3461816.7433333336,50.0,Tier 3 (Moderate),2.0,Large-cap ($10B-$200B)
EMR,1515.0779333333703,44.5611156862756,34,LONG,137.47132647058822,65857.26357647059,5.950531943491249,34,22,1.5454545454545454,3292863.1788235297,50.0,Tier 3 (Moderate),2.0,Large-cap ($10B-$200B)
ENB,204.0141166667745,3.138678717950377,65,LONG,47.5929076923077,73573.9557523077,2.9505205573257296,65,35,1.8571428571428572,3678697.787615385,50.0,Tier 3 (Moderate),2.0,Mid-cap ($2B-$10B)
EOG,4271.162966666649,74.93268362573068,57,LONG,118.15367719298246,70618.31585263158,5.584493332900264,57,34,1.6764705882352942,3530915.792631579,50.0,Tier 3 (Moderate),2.0,Large-cap ($10B-$200B)
EPAM,5365.398066666698,243.8817303030317,22,LONG,172.7231818181818,73130.8065909091,11.332566906751888,22,16,1.375,3656540.3295454546,50.0,Tier 3 (Moderate),2.0,Large-cap ($10B-$200B)
EQIX,160.78411666664033,9.457889215684723,17,LONG,802.6316176470588,66955.71014705882,7.6716902765191275,17,14,1.2142857142857142,3347785.507352941,50.0,Tier 3 (Moderate),2.0,Large-cap ($10B-$200B)
EQR,-252.94295000001148,-14.878997058824204,17,LONG,63.86764705882353,75740.54382352941,2.3705427956636322,17,11,1.5454545454545454,3787027.191176471,50.0,Tier 3 (Moderate),2.0,Mid-cap ($2B-$10B)
EQT,3392.1843333333163,72.17413475177268,47,LONG,56.69137872340426,79367.16686595744,9.629851592865641,47,23,2.0434782608695654,3968358.3432978718,50.0,Tier 3 (Moderate),2.0,Mid-cap ($2B-$10B)
ERIE,-3255.371833333287,-465.0531190476125,7,LONG,332.2632142857143,74799.8425,19.73716450845552,7,7,1.0,3739992.125,50.0,Tier 3 (Moderate),2.0,Large-cap ($10B-$200B)
ESS,-1655.0936333333666,-118.2209738095262,14,LONG,266.9427285714286,67448.00397142858,4.575570298134941,14,13,1.0769230769230769,3372400.198571429,50.0,Tier 3 (Moderate),2.0,Large-cap ($10B-$200B)
ETN,-682.9542999999758,-16.65742195121892,41,LONG,372.4116780487805,69859.8110097561,6.332719697898302,41,27,1.5185185185185186,3492990.550487805,50.0,Tier 3 (Moderate),2.0,Large-cap ($10B-$200B)
ETR,-537.3610833333441,-17.912036111111473,30,LONG,90.45737000000001,71541.3789,4.762879993121364,30,20,1.5,3577068.945,50.0,Tier 3 (Moderate),2.0,Mid-cap ($2B-$10B)
EVRG,-608.3515333332834,-14.14771007751822,43,LONG,73.23139302325582,75846.44824418605,2.9536609319673053,43,27,1.5925925925925926,3792322.412209302,50.0,Tier 3 (Moderate),2.0,Mid-cap ($2B-$10B)
EW,5036.304583333309,100.72609166666618,50,LONG,79.963492,72205.133152,11.09986775277977,50,31,1.6129032258064515,3610256.6575999996,50.0,Tier 3 (Moderate),2.0,Mid-cap ($2B-$10B)
EWG,132.7962166666548,6.989274561402884,19,LONG,42.20048421052631,71015.19515789475,1.621626668900364,19,16,1.1875,3550759.7578947376,50.0,Tier 3 (Moderate),2.0,Mid-cap ($2B-$10B)
EWZ,-951.6703666667528,-19.82646597222401,48,LONG,30.861791666666665,77142.02838958334,3.0986885713948054,48,32,1.5,3857101.419479167,50.0,Tier 3 (Moderate),2.0,Mid-cap ($2B-$10B)
EXAS,6854.881750000051,126.94225462963058,54,LONG,63.99289999999999,79155.31792777778,10.236582153798492,54,32,1.6875,3957765.8963888893,50.0,Tier 3 (Moderate),2.0,Mid-cap ($2B-$10B)
EXC,-406.07105000003503,-10.686080263158816,38,LONG,44.9625,71074.85891578946,3.3265858499129553,38,22,1.7272727272727273,3553742.945789473,50.0,Tier 3 (Moderate),2.0,Mid-cap ($2B-$10B)
EXE,3411.658666666641,94.76829629629556,36,LONG,107.64211388888889,76389.42914166668,6.427743039092163,36,19,1.894736842105263,3819471.457083334,50.0,Tier 3 (Moderate),2.0,Large-cap ($10B-$200B)
EXPD,5148.987083333319,139.16181306306268,37,LONG,126.64241351351353,74242.46789459459,18.924264927959484,37,25,1.48,3712123.3947297297,50.0,Tier 3 (Moderate),2.0,Large-cap ($10B-$200B)
EXPE,-3751.5411000000095,-61.50067377049196,61,LONG,215.81499672131147,70548.1029147541,8.441387699314733,61,33,1.8484848484848484,3527405.145737705,50.0,Tier 3 (Moderate),2.0,Large-cap ($10B-$200B)
EXR,-265.2015000000247,-10.608060000000988,25,LONG,147.02640000000002,75976.65,4.8454642004406105,25,17,1.4705882352941178,3798832.4999999995,50.0,Tier 3 (Moderate),2.0,Large-cap ($10B-$200B)
F,148.27733333332435,6.73987878787838,22,LONG,11.971309090909092,70103.7012090909,6.302194580127585,22,18,1.2222222222222223,3505185.060454545,50.0,Tier 3 (Moderate),2.0,Mid-cap ($2B-$10B)
FANG,2588.372699999971,55.07175957446746,47,LONG,149.18352978723405,69512.69442340426,7.8248524868843425,47,29,1.6206896551724137,3475634.721170213,50.0,Tier 3 (Moderate),2.0,Large-cap ($10B-$200B)
FAST,-1276.918733333383,-45.60424047619225,28,LONG,46.052460714285715,70395.97932142856,5.075952102397758,28,19,1.4736842105263157,3519798.966071428,50.0,Tier 3 (Moderate),2.0,Mid-cap ($2B-$10B)
FCEL,3806.231866666669,118.9447458333334,32,LONG,7.573765625,74068.6777375,23.665780866995156,32,22,1.4545454545454546,3703433.886875,50.0,Tier 3 (Moderate),2.0,Mid-cap ($2B-$10B)
FCX,4754.626783333311,115.96650691056855,41,LONG,43.479324390243896,69423.99150487804,13.867961321366431,41,27,1.5185185185185186,3471199.575243902,50.0,Tier 3 (Moderate),2.0,Mid-cap ($2B-$10B)
FDS,1904.796699999977,190.47966999999767,10,LONG,299.7035,79358.97899999999,6.01097649945782,10,7,1.4285714285714286,3967948.9499999997,50.0,Tier 3 (Moderate),2.0,Large-cap ($10B-$200B)
FDX,-5798.147216666759,-92.03408280423427,63,LONG,244.8694825396825,70669.37807619048,5.5079067191208635,63,41,1.5365853658536586,3533468.903809524,50.0,Tier 3 (Moderate),2.0,Large-cap ($10B-$200B)
FE,3083.495783333332,54.096417251461965,57,LONG,44.332310526315794,74124.82463333332,3.8445047720470353,57,31,1.8387096774193548,3706241.231666666,50.0,Tier 3 (Moderate),2.0,Mid-cap ($2B-$10B)
FFIV,1492.9579333333604,71.0932349206362,21,LONG,310.09583333333336,69553.45214285713,9.024951837377408,21,17,1.2352941176470589,3477672.6071428563,50.0,Tier 3 (Moderate),2.0,Large-cap ($10B-$200B)
FICO,-6499.289499999941,-249.9726730769208,26,LONG,1719.9607307692308,78852.60930769231,11.394588801011501,26,15,1.7333333333333334,3942630.4653846156,50.0,Tier 3 (Moderate),2.0,Large-cap ($10B-$200B)
FIS,105.76129999992554,5.875627777773641,18,LONG,72.73027222222221,68926.80886666667,5.299623760923639,18,13,1.3846153846153846,3446340.443333334,50.0,Tier 3 (Moderate),2.0,Mid-cap ($2B-$10B)
FITB,1762.915449999935,103.70090882352558,17,LONG,44.140882352941176,71983.37529411765,4.740207676707698,17,15,1.1333333333333333,3599168.7647058824,50.0,Tier 3 (Moderate),2.0,Mid-cap ($2B-$10B)
FTNT,-1404.98895000005,-39.02747083333472,36,LONG,89.29006111111111,72841.65629444442,7.112686167404203,36,24,1.5,3642082.814722221,50.0,Tier 3 (Moderate),2.0,Mid-cap ($2B-$10B)
FXI,788.7826000000496,34.294895652176066,23,LONG,39.66596086956522,69642.52,2.5921895167703632,23,20,1.15,3482126.0,50.0,Tier 3 (Moderate),2.0,Mid-cap ($2B-$10B)
GDX,4648.8783333332685,48.93556140350809,95,LONG,69.83202105263159,80933.52384421052,7.0103466567939,95,54,1.7592592592592593,4046676.1922105257,50.0,Tier 3 (Moderate),2.0,Mid-cap ($2B-$10B)
GE,1765.3686500000258,18.3892567708336,96,LONG,282.7429333333333,79628.322803125,6.025244343750667,96,50,1.92,3981416.14015625,50.0,Tier 3 (Moderate),2.0,Large-cap ($10B-$200B)
GEHC,-1839.8076166666287,-35.38091570512748,52,LONG,77.10829807692306,75010.19895192307,4.262281605757841,52,31,1.6774193548387097,3750509.9475961537,50.0,Tier 3 (Moderate),2.0,Mid-cap ($2B-$10B)
GFS,1910.704350000051,51.64065810810949,37,LONG,37.20620270270271,75891.8849027027,6.444184297217761,37,24,1.5416666666666667,3794594.245135135,50.0,Tier 3 (Moderate),2.0,Mid-cap ($2B-$10B)
GILD,3139.6454833334064,58.14158302469272,54,LONG,119.0526462962963,77496.07599074073,6.300306674668565,54,31,1.7419354838709677,3874803.7995370366,50.0,Tier 3 (Moderate),2.0,Large-cap ($10B-$200B)
GLD,579.9901333334637,5.225136336337512,111,LONG,352.3148387387388,83019.67133873874,3.23238056395495,111,55,2.018181818181818,4150983.566936937,50.0,Tier 3 (Moderate),2.0,Large-cap ($10B-$200B)
GM,-468.5209666666997,-9.370419333333992,50,LONG,65.595184,78778.76873599998,4.497219508120578,50,34,1.4705882352941178,3938938.4367999993,50.0,Tier 3 (Moderate),2.0,Mid-cap ($2B-$10B)
GME,2995.9345166666462,103.3080867816085,29,LONG,24.508499999999998,73781.5809862069,5.830420141413652,29,17,1.7058823529411764,3689079.049310345,50.0,Tier 3 (Moderate),2.0,Mid-cap ($2B-$10B)
GOOG,170.84466666666412,2.1903162393162066,78,LONG,240.21477564102562,75166.62911410256,8.397948792591038,78,49,1.5918367346938775,3758331.4557051277,50.0,Tier 3 (Moderate),2.0,Large-cap ($10B-$200B)
GOOGL,5058.0299166668265,53.24242017544028,95,LONG,241.77408000000003,79530.01768210527,12.485896918863562,95,57,1.6666666666666667,3976500.8841052637,50.0,Tier 3 (Moderate),2.0,Large-cap ($10B-$200B)
GS,-1730.5203499999698,-21.103906707316703,82,LONG,745.6367524390243,70123.68488170732,4.774007974460871,82,45,1.8222222222222222,3506184.244085366,50.0,Tier 3 (Moderate),2.0,Large-cap ($10B-$200B)
HAL,626.2009166667194,15.655022916667985,40,LONG,24.01564,69601.0210325,8.067755246895473,40,29,1.3793103448275863,3480051.051625,50.0,Tier 3 (Moderate),2.0,Mid-cap ($2B-$10B)
HBAN,3183.270700000001,109.76795517241382,29,LONG,16.73859655172414,71531.82643793103,4.867246890866297,29,22,1.3181818181818181,3576591.321896551,50.0,Tier 3 (Moderate),2.0,Mid-cap ($2B-$10B)
HD,734.5068666666921,13.858620125786643,53,LONG,386.2387867924528,69194.01950188678,4.8425180144065285,53,33,1.606060606060606,3459700.975094339,50.0,Tier 3 (Moderate),2.0,Large-cap ($10B-$200B)
HON,-711.4466166666316,-27.36333141025506,26,LONG,218.7126961538462,67130.68407692308,3.429215005164682,26,19,1.368421052631579,3356534.203846154,50.0,Tier 3 (Moderate),2.0,Large-cap ($10B-$200B)
HPQ,-1535.8790833333042,-51.19596944444347,30,LONG,27.10158333333333,71343.18007666667,4.852050255286641,30,17,1.7647058823529411,3567159.0038333335,50.0,Tier 3 (Moderate),2.0,Mid-cap ($2B-$10B)
HRB,903.8331333333408,37.6597138888892,24,LONG,52.91458333333333,69894.43375000001,9.159516428492864,24,20,1.2,3494721.6875000005,50.0,Tier 3 (Moderate),2.0,Mid-cap ($2B-$10B)
HSBC,65.24886666672683,1.1059129943513022,59,LONG,70.78468135593222,88761.4220322034,2.5859402031792396,59,37,1.5945945945945945,4438071.10161017,50.0,Tier 3 (Moderate),2.0,Mid-cap ($2B-$10B)
HST,-2121.5455000000075,-58.93181944444465,36,LONG,17.00973888888889,73166.07888333332,5.850284792857243,36,23,1.565217391304348,3658303.944166666,50.0,Tier 3 (Moderate),2.0,Mid-cap ($2B-$10B)
IAU,853.0380333333742,9.172451971326604,93,LONG,72.39672795698925,79684.68222258065,3.348752137118966,93,51,1.8235294117647058,3984234.1111290324,50.0,Tier 3 (Moderate),2.0,Mid-cap ($2B-$10B)
IBB,431.65021666668326,7.70803958333363,56,LONG,149.28775357142857,74390.65715714285,3.0863644644920045,56,38,1.4736842105263157,3719532.8578571426,50.0,Tier 3 (Moderate),2.0,Large-cap ($10B-$200B)
IBM,2454.47820000002,32.72637600000026,75,LONG,279.784376,72349.96591466668,5.910080789086784,75,40,1.875,3617498.295733334,50.0,Tier 3 (Moderate),2.0,Large-cap ($10B-$200B)
IDXX,1080.2253999999812,24.00500888888847,45,LONG,641.2817777777777,78826.29522222221,9.444856548238956,45,28,1.6071428571428572,3941314.7611111104,50.0,Tier 3 (Moderate),2.0,Large-cap ($10B-$200B)
INO,4608.163300000015,209.4619681818189,22,LONG,2.293922727272727,82954.33742272726,20.615163994181447,22,17,1.2941176470588236,4147716.8711363627,50.0,Tier 3 (Moderate),2.0,Mid-cap ($2B-$10B)
INTC,2105.4330999998783,47.850752272724506,44,LONG,30.83684772727273,72090.25663863636,13.023446516373596,44,27,1.6296296296296295,3604512.8319318183,50.0,Tier 3 (Moderate),2.0,Mid-cap ($2B-$10B)
INTU,4553.707566666744,133.93257549019836,34,LONG,722.1558088235294,72960.50198529413,5.883082389723458,34,23,1.4782608695652173,3648025.0992647065,50.0,Tier 3 (Moderate),2.0,Large-cap ($10B-$200B)
ISRG,4269.154950000033,137.71467580645268,31,LONG,522.0230483870968,75243.41195161288,9.389251091074781,31,21,1.4761904761904763,3762170.5975806443,50.0,Tier 3 (Moderate),2.0,Large-cap ($10B-$200B)
IWM,272.74871666661056,11.858639855070024,23,LONG,242.79103043478264,69621.14872608695,2.9575146565436645,23,21,1.0952380952380953,3481057.4363043476,50.0,Tier 3 (Moderate),1.9999999999999998,Large-cap ($10B-$200B)
JBLU,-3740.502549999917,-155.85427291666323,24,LONG,4.898933333333333,68638.067,13.147746392727411,24,20,1.2,3431903.3499999996,50.0,Tier 3 (Moderate),2.0,Mid-cap ($2B-$10B)
JD,-1444.3422333333,-51.583651190475,28,LONG,34.200114285714285,66639.66933214286,4.167795858168949,28,18,1.5555555555555556,3331983.466607143,50.0,Tier 3 (Moderate),2.0,Mid-cap ($2B-$10B)
JNJ,5526.206183333394,68.224767695474,81,LONG,185.79548641975308,82022.96655308641,4.420871303652811,81,46,1.7608695652173914,4101148.3276543207,50.0,Tier 3 (Moderate),2.0,Large-cap ($10B-$200B)
JPM,2516.636233333258,35.44558075117265,71,LONG,301.54730845070424,80331.80541690142,6.547656949899591,71,45,1.5777777777777777,4016590.270845071,50.0,Tier 3 (Moderate),2.0,Large-cap ($10B-$200B)
K,328.71161666671105,10.27223802083472,32,LONG,81.8974375,80631.27301562499,0.8688599252076511,32,23,1.391304347826087,4031563.6507812496,50.0,Tier 3 (Moderate),2.0,Mid-cap ($2B-$10B)
KDP,2976.735633333301,43.14109613526523,69,LONG,30.602453623188406,81442.2332710145,4.570975780783861,69,37,1.864864864864865,4072111.6635507247,50.0,Tier 3 (Moderate),2.0,Mid-cap ($2B-$10B)
KEY,8210.357549999979,264.8502435483864,31,LONG,18.540903225806456,68876.48136129032,13.258148773966447,31,24,1.2916666666666667,3443824.0680645164,50.0,Tier 3 (Moderate),1.9999999999999998,Mid-cap ($2B-$10B)
KHC,475.2943333333096,25.015491228068928,19,LONG,27.069947368421055,66245.379,3.9783265507984216,19,12,1.5833333333333333,3312268.95,50.0,Tier 3 (Moderate),2.0,Mid-cap ($2B-$10B)
KLAC,-3648.6106166665695,-84.85140968992025,43,LONG,1051.6955325581393,74361.9077139535,8.267870361228677,43,33,1.303030303030303,3718095.3856976745,50.0,Tier 3 (Moderate),2.0,Large-cap ($10B-$200B)
KO,1356.547549999901,30.83062613636139,44,LONG,69.53721136363636,72828.17446818181,2.93915326680993,44,28,1.5714285714285714,3641408.7234090907,50.0,Tier 3 (Moderate),2.0,Mid-cap ($2B-$10B)
KSS,-3395.5708166666227,-56.592846944443714,60,LONG,15.577310000000002,74287.397165,38.92987079074711,60,37,1.6216216216216217,3714369.85825,50.0,Tier 3 (Moderate),2.0,Mid-cap ($2B-$10B)
L,-1244.391683333408,-22.62530333333469,55,LONG,97.26997636363636,71889.97032000001,4.976587644718069,55,38,1.4473684210526316,3594498.5160000003,50.0,Tier 3 (Moderate),2.0,Mid-cap ($2B-$10B)
LIN,1173.114033333295,41.896929761903394,28,LONG,470.7408821428571,67532.91790714287,4.9380521402466755,28,19,1.4736842105263157,3376645.895357143,50.0,Tier 3 (Moderate),2.0,Large-cap ($10B-$200B)
LLY,1981.211650000012,24.76514562500015,80,LONG,836.41691375,73762.89884875,7.469177904671791,80,46,1.7391304347826086,3688144.9424375,50.0,Tier 3 (Moderate),2.0,Large-cap ($10B-$200B)
LRCX,4332.928050000017,66.6604315384618,65,LONG,133.43540615384612,77958.08063846154,7.362597967595532,65,41,1.5853658536585367,3897904.031923077,50.0,Tier 3 (Moderate),2.0,Large-cap ($10B-$200B)
LULU,-806.7713999999614,-18.762125581394454,43,LONG,211.66816511627906,84594.51729069767,11.386762399676952,43,31,1.3870967741935485,4229725.864534883,49.99999999999999,Tier 3 (Moderate),2.0000000000000004,Large-cap ($10B-$200B)
LUV,904.1009666666504,18.83543680555522,48,LONG,35.16999583333334,75632.43646875,5.512888780307346,48,36,1.3333333333333333,3781621.8234375003,50.0,Tier 3 (Moderate),2.0,Mid-cap ($2B-$10B)
LVS,2886.6658333333253,53.45677469135788,54,LONG,54.11181296296295,70262.31590555556,7.117667130226237,54,35,1.542857142857143,3513115.795277778,50.0,Tier 3 (Moderate),2.0,Mid-cap ($2B-$10B)
M,1325.1532333333598,30.11711893939454,44,LONG,17.684763636363638,72845.06201818184,6.8844359496569725,44,28,1.5714285714285714,3642253.100909092,50.0,Tier 3 (Moderate),2.0,Mid-cap ($2B-$10B)
MA,-1330.6889333333163,-26.091939869280715,51,LONG,576.6359823529413,75406.80856862746,4.052480781841479,51,31,1.6451612903225807,3770340.428431373,50.0,Tier 3 (Moderate),2.0,Large-cap ($10B-$200B)
MAR,25.28186666667898,0.5745878787881586,44,LONG,278.34886590909093,73525.94992727273,5.309171424981109,44,28,1.5714285714285714,3676297.496363636,50.0,Tier 3 (Moderate),2.0,Large-cap ($10B-$200B)
MCD,1909.7291999999509,29.380449230768477,65,LONG,308.99928307692306,81590.21701384615,4.62737391663625,65,37,1.7567567567567568,4079510.8506923076,50.0,Tier 3 (Moderate),2.0,Large-cap ($10B-$200B)
MCHP,1101.2080333333288,42.35415512820495,26,LONG,69.17730769230769,73076.01,9.984470580033205,26,17,1.5294117647058822,3653800.4999999995,50.0,Tier 3 (Moderate),2.0,Mid-cap ($2B-$10B)
MDLZ,539.9523833333806,15.88095245098178,34,LONG,66.49813529411765,72098.41600588235,4.598976869281645,34,17,2.0,3604920.8002941175,50.0,Tier 3 (Moderate),2.0,Mid-cap ($2B-$10B)
MELI,5958.310500000029,270.83229545454674,22,LONG,2301.7468636363637,76437.38963636364,15.968148945220983,22,16,1.375,3821869.4818181824,50.0,Tier 3 (Moderate),2.0,Large-cap ($10B-$200B)
META,848.8496666667343,14.147494444445572,60,LONG,720.3380883333333,70499.514195,6.0526324051837985,60,32,1.875,3524975.70975,50.0,Tier 3 (Moderate),2.0,Large-cap ($10B-$200B)
MGC,164.57883333333302,27.429805555555504,6,LONG,239.60666666666665,69442.68333333333,5.427878608848048,6,5,1.2,3472134.1666666665,50.0,Tier 3 (Moderate),2.0,Large-cap ($10B-$200B)
MMM,559.4920666667094,18.64973555555698,30,LONG,159.53810999999996,73346.80098666667,6.166507425833966,30,24,1.25,3667340.0493333335,50.0,Tier 3 (Moderate),2.0,Large-cap ($10B-$200B)
MNST,-4004.756783333367,-88.99459518518593,45,LONG,67.18771333333333,73928.33215111113,5.963013416416843,45,26,1.7307692307692308,3696416.6075555566,50.0,Tier 3 (Moderate),2.0,Mid-cap ($2B-$10B)
MO,-1760.701816666573,-27.08772025640881,65,LONG,62.37531538461538,76377.03205692307,3.8550271857042913,65,34,1.911764705882353,3818851.6028461535,50.0,Tier 3 (Moderate),2.0,Mid-cap ($2B-$10B)
MRK,1028.364416666598,15.820991025639971,65,LONG,88.48104307692307,74679.80426153846,6.9746224424053285,65,35,1.8571428571428572,3733990.213076923,50.0,Tier 3 (Moderate),2.0,Mid-cap ($2B-$10B)
MRNA,-975.4440833332555,-22.169183712119445,44,LONG,29.091993181818182,71241.25033863635,10.84340551473564,44,30,1.4666666666666666,3562062.516931818,50.0,Tier 3 (Moderate),2.0,Mid-cap ($2B-$10B)
MRVL,20926.5664999999,290.64675694444304,72,LONG,80.54133055555556,73581.47611666667,23.414992625382595,72,36,2.0,3679073.8058333336,50.0,Tier 3 (Moderate),2.0,Mid-cap ($2B-$10B)
MS,362.4984833332856,6.249973850573888,58,LONG,154.79025689655174,71364.05527241378,4.092918177382783,58,39,1.4871794871794872,3568202.763620689,50.0,Tier 3 (Moderate),2.0,Large-cap ($10B-$200B)
MSFT,1230.5464333333366,19.84752311827962,62,LONG,507.36601129032255,70208.56030806451,4.164508059779874,62,42,1.4761904761904763,3510428.0154032256,50.0,Tier 3 (Moderate),2.0,Large-cap ($10B-$200B)
MSTR,1030.1125166666898,26.413141452992047,39,LONG,370.52041282051283,66446.3342897436,9.544800938664268,39,22,1.7727272727272727,3322316.7144871796,50.0,Tier 3 (Moderate),2.0,Large-cap ($10B-$200B)
MU,8704.13000000007,131.88075757575865,66,LONG,177.6103196969697,73099.84215606061,15.8633873838906,66,42,1.5714285714285714,3654992.1078030304,50.0,Tier 3 (Moderate),2.0,Large-cap ($10B-$200B)
NCLH,-220.94258333332985,-7.618709770114822,29,LONG,22.84623448275862,67147.86253103448,7.465889847935409,29,23,1.2608695652173914,3357393.126551724,50.0,Tier 3 (Moderate),2.0,Mid-cap ($2B-$10B)
NEE,-1116.3794166666048,-16.179411835747896,69,LONG,76.8445304347826,71675.94514347825,6.206377780456081,69,39,1.7692307692307692,3583797.2571739126,50.0,Tier 3 (Moderate),2.0,Mid-cap ($2B-$10B)
NFLX,-237.8285000000324,-7.206924242425223,33,LONG,1237.6023636363639,66343.98821212121,5.362505750782607,33,24,1.375,3317199.4106060606,50.0,Tier 3 (Moderate),2.0,Large-cap ($10B-$200B)
NIO,-3280.835300000028,-102.52610312500089,32,LONG,5.658678125,70012.286290625,12.867155337206329,32,22,1.4545454545454546,3500614.31453125,50.0,Tier 3 (Moderate),1.9999999999999998,Mid-cap ($2B-$10B)
NKE,-1303.6941999999472,-37.2484057142842,35,LONG,73.31374,73415.56151714287,6.461734301095769,35,20,1.75,3670778.0758571434,50.0,Tier 3 (Moderate),2.0,Mid-cap ($2B-$10B)
NOK,-979.1955999999846,-39.167823999999385,25,LONG,5.271319999999999,80868.647748,7.142504856964359,25,22,1.1363636363636365,4043432.3874000004,50.0,Tier 3 (Moderate),2.0,Mid-cap ($2B-$10B)
NOW,2506.4844499999454,92.83275740740538,27,LONG,935.608111111111,67910.79889629631,8.142761291096907,27,22,1.2272727272727273,3395539.9448148157,50.0,Tier 3 (Moderate),2.0,Large-cap ($10B-$200B)
NVDA,946.427400000066,15.02265714285819,63,LONG,174.24918888888888,69279.5457873016,7.158920128265624,63,39,1.6153846153846154,3463977.2893650797,50.0,Tier 3 (Moderate),2.0,Large-cap ($10B-$200B)
NXPI,4965.4884666666985,165.51628222222328,30,LONG,223.9892166666667,66286.66198333334,11.077156811821247,30,24,1.25,3314333.099166667,50.0,Tier 3 (Moderate),2.0,Large-cap ($10B-$200B)
ODFL,2443.3745333332627,58.17558412698244,42,LONG,151.61226190476188,73181.17583333334,7.962907746631435,42,26,1.6153846153846154,3659058.791666667,50.0,Tier 3 (Moderate),2.0,Large-cap ($10B-$200B)
ON,-1682.613016666648,-48.07465761904709,35,LONG,53.53194285714286,74718.02817142857,8.976903351119649,35,23,1.5217391304347827,3735901.408571428,50.0,Tier 3 (Moderate),2.0,Mid-cap ($2B-$10B)
ORCL,-1862.3269333332137,-31.038782222220227,60,LONG,245.803775,69191.272685,11.123159746892059,60,32,1.875,3459563.63425,50.0,Tier 3 (Moderate),2.0,Large-cap ($10B-$200B)
ORLY,593.8856166666665,9.735829781420762,61,LONG,142.98758852459017,72404.87549508197,3.6736288284439818,61,34,1.7941176470588236,3620243.7747540986,50.0,Tier 3 (Moderate),2.0,Large-cap ($10B-$200B)
OXY,-1187.6307833332976,-32.98974398148049,36,LONG,45.271605555555546,66541.5598,5.350170033079125,36,26,1.3846153846153846,3327077.99,50.0,Tier 3 (Moderate),2.0,Mid-cap ($2B-$10B)
PANW,1452.4895166667193,22.00741691919272,66,LONG,199.32500000000002,70789.22211515151,7.887218522127451,66,33,2.0,3539461.1057575755,50.0,Tier 3 (Moderate),2.0,Large-cap ($10B-$200B)
PAYX,-1597.42424999996,-84.07496052631369,19,LONG,133.80557894736842,72159.2710526316,3.031498103432837,19,11,1.7272727272727273,3607963.55263158,50.0,Tier 3 (Moderate),2.0,Large-cap ($10B-$200B)
PCAR,181.1289333333043,4.766550877192219,38,LONG,100.75699210526315,71856.49503947371,6.421298065363161,38,23,1.6521739130434783,3592824.7519736853,50.0,Tier 3 (Moderate),2.0,Large-cap ($10B-$200B)
PDD,4741.030466666714,80.35644858757144,59,LONG,121.17107457627118,70759.12557627118,13.50725033832538,59,37,1.5945945945945945,3537956.278813559,50.0,Tier 3 (Moderate),2.0,Large-cap ($10B-$200B)
PEP,2012.4561166666608,35.93671636904752,56,LONG,143.5633660714286,77228.90939821428,4.364930145389294,56,28,2.0,3861445.469910714,50.0,Tier 3 (Moderate),2.0,Large-cap ($10B-$200B)
PFE,2632.195983333353,73.11655509259315,36,LONG,25.216605555555553,71837.68951666667,6.034133040110793,36,27,1.3333333333333333,3591884.475833333,50.0,Tier 3 (Moderate),2.0,Mid-cap ($2B-$10B)
PG,176.30006666666304,8.01363939393923,22,LONG,156.63107727272728,66960.58090909092,2.7121043754219176,22,16,1.375,3348029.045454546,50.0,Tier 3 (Moderate),2.0,Large-cap ($10B-$200B)
PLTR,1863.7331166667427,26.62475880952489,70,LONG,165.97072571428572,71738.51931428572,11.51746823273019,70,41,1.7073170731707317,3586925.965714286,50.0,Tier 3 (Moderate),2.0,Large-cap ($10B-$200B)
PLUG,22617.42678333333,779.9112683908045,29,LONG,2.0482137931034483,71348.67513103448,81.40678992047825,29,22,1.3181818181818181,3567433.7565517244,50.0,Tier 3 (Moderate),2.0,Mid-cap ($2B-$10B)
PM,543.304299999967,13.2513243902431,41,LONG,169.8113048780488,82268.9227097561,4.60547240232726,41,27,1.5185185185185186,4113446.1354878047,50.0,Tier 3 (Moderate),2.0,Large-cap ($10B-$200B)
PTON,33.94481666665524,0.7071836805553176,48,LONG,7.735774999999999,69962.60029166668,12.791481606616498,48,30,1.6,3498130.014583334,50.0,Tier 3 (Moderate),2.0,Mid-cap ($2B-$10B)
PYPL,-289.6944333333085,-11.142093589742636,26,LONG,72.40603461538461,66842.63068076923,7.429683743062816,26,20,1.3,3342131.5340384617,50.0,Tier 3 (Moderate),2.0,Mid-cap ($2B-$10B)
QCOM,1906.7246166667971,40.56860886525101,47,LONG,164.20963191489363,69981.06883191489,8.42624747917861,47,31,1.5161290322580645,3499053.4415957443,50.0,Tier 3 (Moderate),2.0,Large-cap ($10B-$200B)
QQQ,240.8979499999405,4.226279824560359,57,LONG,577.7991017543859,66994.83371578947,3.3057343543530724,57,38,1.5,3349741.6857894734,50.0,Tier 3 (Moderate),2.0,Large-cap ($10B-$200B)
REGN,4823.320866666705,73.08061919191978,66,LONG,642.5089984848485,79713.1493378788,8.019116803826888,66,40,1.65,3985657.46689394,50.0,Tier 3 (Moderate),2.0,Large-cap ($10B-$200B)
RIG,2516.495049999976,89.87482321428486,28,LONG,3.2976607142857146,70029.36133928571,12.044768427725385,28,23,1.2173913043478262,3501468.0669642854,50.0,Tier 3 (Moderate),2.0,Mid-cap ($2B-$10B)
ROKU,4869.602049999885,71.61179485293948,68,LONG,94.72085294117647,74314.07299411765,9.791677945318721,68,41,1.6585365853658536,3715703.6497058826,50.0,Tier 3 (Moderate),2.0,Mid-cap ($2B-$10B)
ROP,-156.147433333339,-7.097610606060863,22,LONG,511.9497727272728,71520.9909090909,5.316235835266522,22,12,1.8333333333333333,3576049.5454545454,50.0,Tier 3 (Moderate),2.0,Large-cap ($10B-$200B)
ROST,5292.123050000024,84.00195317460356,63,LONG,154.82872222222218,73842.05062063492,5.254714382445811,63,38,1.6578947368421053,3692102.5310317464,50.0,Tier 3 (Moderate),2.0,Large-cap ($10B-$200B)
RRC,6546.222849999933,172.2690223684193,38,LONG,38.51791578947368,73397.12582631581,11.717766500373646,38,27,1.4074074074074074,3669856.2913157903,50.0,Tier 3 (Moderate),2.0,Mid-cap ($2B-$10B)
RY,942.7260166666748,15.205258333333465,62,LONG,143.95678709677418,76340.98467419355,3.267843860025062,62,34,1.8235294117647058,3817049.233709677,50.0,Tier 3 (Moderate),2.0,Large-cap ($10B-$200B)
SBUX,1462.9714000000386,35.682229268293625,41,LONG,88.42507073170732,68901.9921780488,7.015648877112754,41,27,1.5185185185185186,3445099.6089024395,50.0,Tier 3 (Moderate),2.0,Mid-cap ($2B-$10B)
SHOP,-4229.215316666676,-91.9394634057973,46,LONG,142.34640652173914,67642.1368021739,8.107953107634007,46,29,1.5862068965517242,3382106.840108695,50.0,Tier 3 (Moderate),2.0,Large-cap ($10B-$200B)
SHW,479.4705500000128,12.294116666666993,39,LONG,355.636541025641,72202.2243102564,4.6050806865022516,39,25,1.56,3610111.2155128196,50.0,Tier 3 (Moderate),2.0,Large-cap ($10B-$200B)
SIRI,1102.6198833333035,33.41272373737284,33,LONG,23.097478787878785,68918.60575757574,6.578865669768423,33,22,1.5,3445930.287878787,50.0,Tier 3 (Moderate),2.0,Mid-cap ($2B-$10B)
SLV,416.25126666670985,5.076234959350121,82,LONG,41.59670853658537,74089.36808414635,5.4473236235599884,82,48,1.7083333333333333,3704468.4042073176,50.0,Tier 3 (Moderate),2.0,Mid-cap ($2B-$10B)
SM,-1673.9845666666442,-52.31201770833263,32,LONG,25.683359375000002,70760.75140625,7.104706916886398,32,18,1.7777777777777777,3538037.5703125,50.0,Tier 3 (Moderate),2.0,Mid-cap ($2B-$10B)
SMG,-319.58969999995315,-17.75498333333073,18,LONG,63.46186111111111,66833.51844444445,5.986548115344563,18,11,1.6363636363636365,3341675.922222222,50.0,Tier 3 (Moderate),2.0,Mid-cap ($2B-$10B)
SMH,1426.0020999999615,19.01336133333282,75,LONG,304.73221333333333,64810.679280000004,5.5479417723755935,75,45,1.6666666666666667,3240533.964,50.0,Tier 3 (Moderate),2.0,Large-cap ($10B-$200B)
SNAP,-2787.835583333333,-69.69588958333334,40,LONG,8.5401325,73341.64710249999,11.204312655922653,40,27,1.4814814814814814,3667082.355125,50.0,Tier 3 (Moderate),2.0,Mid-cap ($2B-$10B)
SNPS,8976.351516666662,179.52703033333324,50,LONG,520.081182,69669.663658,15.315820244132588,50,33,1.5151515151515151,3483483.1829000004,50.0,Tier 3 (Moderate),2.0,Large-cap ($10B-$200B)
SPCE,-492.34561666668014,-15.882116666667102,31,LONG,3.7136548387096773,69746.88433870967,15.712998800420536,31,23,1.3478260869565217,3487344.2169354837,50.0,Tier 3 (Moderate),2.0,Mid-cap ($2B-$10B)
SPOT,1397.1656000000075,26.361615094339765,53,LONG,699.4296566037735,69936.36652830189,7.937165561059466,53,29,1.8275862068965518,3496818.3264150945,50.0,Tier 3 (Moderate),2.0,Large-cap ($10B-$200B)
SPXL,2439.4298666666364,67.7619407407399,36,LONG,190.32399166666667,63085.19783888889,4.67346727217909,36,26,1.3846153846153846,3154259.8919444443,50.0,Tier 3 (Moderate),2.0,Large-cap ($10B-$200B)
SPXS,-3963.517350000053,-127.85539838709848,31,LONG,33.761380645161296,87975.63015483871,7.644275008802816,31,16,1.9375,4398781.507741936,50.0,Tier 3 (Moderate),2.0,Mid-cap ($2B-$10B)
SPY,883.0012333333289,14.96612259886998,59,LONG,644.3278779661017,66052.0806677966,1.8723396518400146,59,43,1.372093023255814,3302604.03338983,50.0,Tier 3 (Moderate),2.0,Large-cap ($10B-$200B)
SQQQ,-9990.48188333334,-312.2025588541669,32,LONG,25.990524999999998,89734.66866562501,9.287618294615248,32,19,1.6842105263157894,4486733.43328125,50.0,Tier 3 (Moderate),2.0,Mid-cap ($2B-$10B)
STX,2828.8091666667387,28.86539965986468,98,LONG,201.6927234693878,74658.0683479592,12.104425332288384,98,58,1.6896551724137931,3732903.41739796,50.0,Tier 3 (Moderate),2.0,Large-cap ($10B-$200B)
SU,3234.2181333332774,66.00445170067913,49,LONG,41.1118387755102,73000.13184285714,9.868680766743468,49,33,1.4848484848484849,3650006.592142857,50.0,Tier 3 (Moderate),2.0,Mid-cap ($2B-$10B)
T,-652.6650000000081,-20.39578125000025,32,LONG,28.288640625,73529.971078125,3.5508224296784463,32,24,1.3333333333333333,3676498.5539062503,50.0,Tier 3 (Moderate),2.0,Mid-cap ($2B-$10B)
TD,-274.80814999998256,-3.1587143678158918,87,LONG,78.20746321839079,72538.35100919541,3.7763105578095404,87,50,1.74,3626917.5504597705,50.0,Tier 3 (Moderate),2.0,Mid-cap ($2B-$10B)
TDOC,1608.7263999999996,59.582459259259245,27,LONG,8.055285185185184,65556.03052592592,9.437340165037465,27,22,1.2272727272727273,3277801.526296296,50.0,Tier 3 (Moderate),1.9999999999999998,Mid-cap ($2B-$10B)
TEAM,-254.1475166666787,-6.868851801802127,37,LONG,183.26976756756753,68582.5445027027,10.815591541672799,37,25,1.48,3429127.225135135,50.0,Tier 3 (Moderate),2.0,Large-cap ($10B-$200B)
TEVA,380.5945833333535,6.343243055555892,60,LONG,20.614203333333332,73189.14387666668,6.915270241890703,60,34,1.7647058823529411,3659457.1938333344,50.0,Tier 3 (Moderate),2.0,Mid-cap ($2B-$10B)
TGT,162.11971666660247,4.912718686866741,33,LONG,96.54652121212122,71386.69395454545,5.19607700950104,33,24,1.375,3569334.6977272728,50.0,Tier 3 (Moderate),2.0,Mid-cap ($2B-$10B)
TLRY,32219.261566666697,947.6253401960794,34,LONG,1.9321000000000002,72082.0306,64.74249560311998,34,20,1.7,3604101.53,50.0,Tier 3 (Moderate),2.0,Mid-cap ($2B-$10B)
TLT,282.56310000007943,3.9244875000011032,72,LONG,88.41345416666667,76211.49230416666,2.262816280830086,72,37,1.945945945945946,3810574.6152083334,50.0,Tier 3 (Moderate),2.0,Mid-cap ($2B-$10B)
TME,1634.1056166666383,32.04128660130664,51,LONG,22.089741176470586,69784.91790588235,8.715596851768987,51,27,1.8888888888888888,3489245.8952941177,50.0,Tier 3 (Moderate),1.9999999999999998,Mid-cap ($2B-$10B)
TMO,8549.188766666644,115.52957792792763,74,LONG,500.8956121621621,70840.30976081081,10.447204714369983,74,42,1.7619047619047619,3542015.4880405404,50.0,Tier 3 (Moderate),2.0,Large-cap ($10B-$200B)
TMUS,245.87903333330175,5.345196376810908,46,LONG,237.7897326086956,72137.44957826087,4.761570077472242,46,28,1.6428571428571428,3606872.4789130436,50.0,Tier 3 (Moderate),2.0,Large-cap ($10B-$200B)
TQQQ,1145.6716499999893,49.81181086956475,23,LONG,91.90440869565217,62966.55207391304,7.307293973877936,23,19,1.2105263157894737,3148327.603695652,50.0,Tier 3 (Moderate),2.0,Mid-cap ($2B-$10B)
TRI,-571.2088500000027,-21.969571153846257,26,LONG,193.40153846153842,67792.76980769231,4.786140874510046,26,17,1.5294117647058822,3389638.4903846155,50.0,Tier 3 (Moderate),2.0,Large-cap ($10B-$200B)
TRV,980.0878833333408,20.00179353741512,49,LONG,277.11224285714286,72933.5139632653,4.910849665048405,49,30,1.6333333333333333,3646675.698163265,50.0,Tier 3 (Moderate),2.0,Large-cap ($10B-$200B)
TSLA,3171.068250000062,44.0426145833342,72,LONG,384.5648583333334,71376.49147916667,8.973731705396325,72,42,1.7142857142857142,3568824.5739583336,50.0,Tier 3 (Moderate),2.0,Large-cap ($10B-$200B)
TTD,-5573.81381666672,-139.34534541666798,40,LONG,67.507745,74594.0785175,8.887509116500993,40,26,1.5384615384615385,3729703.925875,50.0,Tier 3 (Moderate),2.0,Mid-cap ($2B-$10B)
TTWO,2895.514799999982,45.24241874999973,64,LONG,241.82302499999997,72526.7340015625,4.356980100193982,64,32,2.0,3626336.7000781246,50.0,Tier 3 (Moderate),2.0,Large-cap ($10B-$200B)
TWLO,148.27805000001536,2.601369298245884,57,LONG,121.5939649122807,75300.98826315788,9.656766476963412,57,31,1.8387096774193548,3765049.413157894,50.0,Tier 3 (Moderate),2.0,Large-cap ($10B-$200B)
TXN,4504.44430000001,83.41563518518537,54,LONG,194.42918518518513,70379.85836111111,6.058069755282444,54,31,1.7419354838709677,3518992.9180555553,50.0,Tier 3 (Moderate),2.0,Large-cap ($10B-$200B)
UAL,100.56315000001632,2.4527597560979597,41,LONG,98.09795609756098,74295.89494390244,9.122988850984179,41,31,1.3225806451612903,3714794.7471951223,50.0,Tier 3 (Moderate),2.0,Mid-cap ($2B-$10B)
UBER,-5092.072666666638,-115.7289242424236,44,LONG,94.66877954545454,71056.31813181819,6.2569309755166085,44,28,1.5714285714285714,3552815.906590909,50.0,Tier 3 (Moderate),2.0,Mid-cap ($2B-$10B)
UNH,5802.4231,116.048462,50,LONG,330.473754,71082.43523399999,8.141789186079686,50,31,1.6129032258064515,3554121.7616999997,50.0,Tier 3 (Moderate),2.0,Large-cap ($10B-$200B)
UNP,3723.115316666692,77.56490243055607,48,LONG,229.92369166666666,77111.30663125,6.748989764748909,48,31,1.5483870967741935,3855565.3315625,50.0,Tier 3 (Moderate),2.0,Large-cap ($10B-$200B)
UPS,-166.64330000003247,-3.967697619048392,42,LONG,95.09189761904763,78297.4113047619,4.995127041620153,42,25,1.68,3914870.5652380954,50.0,Tier 3 (Moderate),2.0,Mid-cap ($2B-$10B)
URI,1043.1046666667098,35.9691264367831,29,LONG,872.7615517241379,70397.40310344828,7.176982893934583,29,22,1.3181818181818181,3519870.1551724137,50.0,Tier 3 (Moderate),2.0,Large-cap ($10B-$200B)
USO,-2303.593200000017,-35.43989538461565,65,LONG,75.49402153846154,74198.31387538463,5.2743496718239555,65,31,2.096774193548387,3709915.6937692314,50.0,Tier 3 (Moderate),2.0,Mid-cap ($2B-$10B)
V,-196.1010500000339,-4.560489534884509,43,LONG,350.5251488372093,65878.85838604652,3.3586735469252433,43,30,1.4333333333333333,3293942.9193023257,50.0,Tier 3 (Moderate),2.0,Large-cap ($10B-$200B)
VIPS,543.0380666666679,11.805175362318868,46,LONG,17.58830652173913,76792.23595869564,6.525038346698893,46,31,1.4838709677419355,3839611.797934782,50.0,Tier 3 (Moderate),2.0,Mid-cap ($2B-$10B)
VRSK,-639.3967166666553,-37.61157156862678,17,LONG,259.52647058823527,80019.29058823531,4.203939500175278,17,9,1.8888888888888888,4000964.5294117653,50.0,Tier 3 (Moderate),2.0,Large-cap ($10B-$200B)
VRTX,5970.466816666616,119.40933633333232,50,LONG,432.80874000000006,77251.93325,10.488201423459287,50,31,1.6129032258064515,3862596.6625,50.0,Tier 3 (Moderate),2.0,Large-cap ($10B-$200B)
VTRS,1306.805666666558,22.926415204676456,57,LONG,10.10676140350877,73235.43608070175,5.45924917191435,57,37,1.5405405405405406,3661771.8040350876,50.0,Tier 3 (Moderate),2.0,Mid-cap ($2B-$10B)
VZ,672.6169000000154,19.21762571428616,35,LONG,43.184531428571425,73238.26839428573,4.076056904169546,35,24,1.4583333333333333,3661913.4197142865,50.0,Tier 3 (Moderate),2.0,Mid-cap ($2B-$10B)
W,5143.3011166666765,91.84466279761922,56,LONG,80.22702500000001,74538.73228928572,9.909906664191267,56,33,1.696969696969697,3726936.614464286,50.0,Tier 3 (Moderate),2.0,Mid-cap ($2B-$10B)
WBD,3694.86685000002,52.040378169014375,71,LONG,17.528214084507038,78360.58648028168,9.055936600715457,71,40,1.775,3918029.324014084,50.0,Tier 3 (Moderate),2.0,Mid-cap ($2B-$10B)
WDAY,1472.115500000029,43.2975147058832,34,LONG,234.45554411764704,75283.7419264706,6.257976301821028,34,20,1.7,3764187.0963235297,50.0,Tier 3 (Moderate),2.0,Large-cap ($10B-$200B)
WDC,16100.570983333331,154.81318253205126,104,LONG,106.44211730769229,71998.9284,13.693454723833298,104,65,1.6,3599946.4200000004,50.0,Tier 3 (Moderate),2.0,Large-cap ($10B-$200B)
WFC,1179.470116666671,31.03868728070187,38,LONG,84.03503157894735,72597.39724736843,8.03813278362419,38,26,1.4615384615384615,3629869.862368421,50.0,Tier 3 (Moderate),2.0,Mid-cap ($2B-$10B)
WMT,878.0812499999884,13.304261363636186,66,LONG,103.8330893939394,76778.30350909091,4.368044979848457,66,40,1.65,3838915.1754545458,50.0,Tier 3 (Moderate),2.0,Large-cap ($10B-$200B)
WY,3966.029733333337,141.64391904761916,28,LONG,24.766960714285712,75069.54679642858,7.858200668156151,28,13,2.1538461538461537,3753477.339821429,50.0,Tier 3 (Moderate),2.0,Mid-cap ($2B-$10B)
WYNN,-3129.117999999995,-53.03589830508466,59,LONG,119.51375762711864,75942.91290000001,7.409926105192068,59,38,1.5526315789473684,3797145.6450000005,50.0,Tier 3 (Moderate),2.0,Large-cap ($10B-$200B)
XBI,737.4212166666111,11.173048737372897,66,LONG,99.02916818181818,69304.07587424241,4.675229370804663,66,41,1.6097560975609757,3465203.7937121205,50.0,Tier 3 (Moderate),2.0,Mid-cap ($2B-$10B)
XEL,-79.92210000003251,-2.1032131578955924,38,LONG,75.62445000000001,74764.07127368421,3.9479718762435896,38,24,1.5833333333333333,3738203.5636842106,50.0,Tier 3 (Moderate),2.0,Mid-cap ($2B-$10B)
XLB,-108.39664999998786,-9.854240909089803,11,LONG,89.79045454545454,55215.02818181819,2.777913007365101,11,10,1.1,2760751.4090909096,50.0,Tier 3 (Moderate),2.0,Mid-cap ($2B-$10B)
XLE,997.8185333333312,26.258382456140296,38,LONG,88.60942105263157,67736.53822368418,2.8061304657256247,38,25,1.52,3386826.9111842094,50.0,Tier 3 (Moderate),1.9999999999999998,Mid-cap ($2B-$10B)
XLF,48.40049999998882,2.84708823529346,17,LONG,52.9791294117647,64990.36597058823,3.0506410113024924,17,16,1.0625,3249518.2985294117,50.0,Tier 3 (Moderate),2.0,Mid-cap ($2B-$10B)
XLI,-81.23438333332888,-3.692471969696767,22,LONG,151.28318636363636,66403.69333181817,1.8565752155383914,22,20,1.1,3320184.6665909085,50.0,Tier 3 (Moderate),2.0,Large-cap ($10B-$200B)
XLK,-25.752783333278785,-0.735793809522251,35,LONG,268.20390000000003,64365.75942285714,3.3717571479384687,35,31,1.1290322580645162,3218287.971142857,50.0,Tier 3 (Moderate),2.0,Large-cap ($10B-$200B)
XLU,684.9028666667218,14.57240141844089,47,LONG,86.34218297872341,69141.92284255318,3.3619491496954583,47,31,1.5161290322580645,3457096.1421276587,50.0,Tier 3 (Moderate),2.0,Mid-cap ($2B-$10B)
XLV,294.21726666669565,7.74255964912357,38,LONG,142.87535789473685,66477.32560526313,2.4829612773610186,38,27,1.4074074074074074,3323866.2802631566,50.0,Tier 3 (Moderate),2.0,Large-cap ($10B-$200B)
XOM,1285.0995833333582,19.471205808081184,66,LONG,113.78193636363638,70900.97657121213,5.8248522076772025,66,36,1.8333333333333333,3545048.8285606066,50.0,Tier 3 (Moderate),2.0,Large-cap ($10B-$200B)
XOP,1097.1501333334309,20.700945911951525,53,LONG,131.81915094339624,68030.71320754717,5.688557500452483,53,32,1.65625,3401535.6603773586,50.0,Tier 3 (Moderate),2.0,Large-cap ($10B-$200B)
XRT,400.3071833333816,21.068799122809555,19,LONG,82.43736842105262,69923.07868421053,3.6067953110741486,19,15,1.2666666666666666,3496153.9342105263,50.0,Tier 3 (Moderate),2.0,Mid-cap ($2B-$10B)
XRX,1230.869866666646,58.612850793649805,21,LONG,4.752609523809523,64800.05848571429,12.051253780763032,21,12,1.75,3240002.9242857145,50.0,Tier 3 (Moderate),2.0,Mid-cap ($2B-$10B)
YETI,-1359.7801833332996,-27.75061598639387,49,LONG,36.62030612244898,74523.44704081632,7.741305083022092,49,37,1.3243243243243243,3726172.352040816,50.0,Tier 3 (Moderate),2.0,Mid-cap ($2B-$10B)
ZM,-596.6276333333008,-22.097319753085213,27,LONG,82.42407407407408,75549.76,5.247253818855497,27,17,1.588235294117647,3777487.9999999995,50.0,Tier 3 (Moderate),2.0,Mid-cap ($2B-$10B)
